#C=8795,gamma=0.029,epsilon=819,train_percent=0.75
DATA,TARGET,T-12,T0-1,T m norm,P1,P2,P7,P8,P9,P10,P11,P14,P17,T1,T2,T7,T8,T9,T10,T11,T14,T17,E1
1/1/1993,7299.504,4945.013,752.184,6493.589,1929.768,1674.591,1660.953,1442.213,2236.408,1854.570,1808.859,1649.801,3384.062,292.865,294.245,294.263,295.791,294.398,293.346,292.830,293.035,296.777,6686.067
2/1/1993,8435.146,5741.405,640.138,7226.131,1971.447,1687.655,1767.273,1481.033,2037.275,1701.054,1778.388,1784.130,3230.832,292.807,294.152,294.227,295.744,294.478,293.322,292.853,293.020,296.899,7307.304
3/1/1993,9131.098,6500.750,645.926,7677.758,1800.555,1537.033,1636.308,1355.549,1876.919,1515.513,1670.232,1720.561,3127.257,292.742,294.090,294.151,295.694,294.585,293.440,292.873,293.038,296.934,7907.400
4/1/1993,8697.974,6707.285,1293.667,7502.885,1648.119,1348.906,1491.459,1200.899,1848.772,1388.409,1634.549,1656.839,3084.558,292.883,294.297,294.334,295.936,294.418,293.342,292.781,293.023,296.727,7709.682
5/1/1993,8250.682,6345.557,1285.632,7224.965,1388.044,1108.280,1227.680,981.293,1860.847,1316.265,1577.012,1475.984,3156.040,292.862,294.329,294.368,296.007,294.522,293.320,292.821,292.938,296.895,7398.207
6/1/1993,8028.029,5885.318,1518.653,6893.030,1387.964,1079.170,1179.167,939.734,2079.584,1445.129,1714.196,1487.652,3482.284,292.822,294.317,294.337,295.988,294.205,293.214,292.677,292.980,296.425,7090.035
7/1/1993,7261.574,5344.454,1915.488,6313.142,1526.525,1174.573,1195.210,971.956,2500.378,1775.035,1887.920,1471.719,3905.348,292.961,294.466,294.444,296.096,294.120,293.265,292.697,293.040,296.163,6569.886
8/1/1993,6450.019,4828.416,1775.779,5581.344,1540.402,1214.019,1151.285,969.080,2682.492,1955.196,1873.851,1373.545,3953.871,292.895,294.356,294.311,295.922,294.000,293.185,292.625,292.947,296.072,6131.065
9/1/1993,6066.144,4404.336,1341.878,5130.926,1612.611,1281.622,1170.397,1007.461,2797.175,2115.250,1948.365,1385.584,3990.975,293.023,294.513,294.438,296.048,293.974,293.252,292.679,293.062,296.014,5474.487
10/1/1993,6566.227,4335.326,860.544,5297.318,1731.035,1384.689,1223.395,1064.505,2779.157,2190.482,1980.489,1372.099,3766.339,293.093,294.609,294.553,296.162,294.008,293.295,292.763,293.181,296.152,5400.807
11/1/1993,7156.080,4417.910,838.339,5598.278,1784.378,1506.381,1295.203,1174.039,2786.238,2273.580,1878.744,1323.424,3834.843,293.136,294.580,294.537,296.101,294.233,293.408,292.912,293.219,296.418,5720.948
12/1/1993,7598.362,4590.566,1296.000,5955.955,1866.540,1631.708,1474.607,1326.216,2580.516,2146.836,1769.837,1414.642,3621.462,293.114,294.515,294.487,296.024,294.370,293.473,292.979,293.213,296.573,6034.845
1/1/1994,8349.264,5384.016,1149.034,6493.589,2030.290,1753.126,1714.421,1476.148,2473.513,2023.085,1915.361,1708.398,3608.944,292.865,294.256,294.256,295.793,294.341,293.335,292.820,293.025,296.611,6821.804
2/1/1994,8992.080,6659.366,964.224,7226.131,1958.350,1704.364,1751.194,1480.229,2120.005,1757.580,1788.619,1754.491,3342.477,292.670,294.009,294.043,295.572,294.385,293.232,292.723,292.825,296.704,7747.510
3/1/1994,9700.042,7789.219,958.003,7677.758,1993.127,1680.873,1816.657,1485.606,2053.839,1640.053,1854.335,1887.618,3349.999,292.703,294.043,294.115,295.651,294.397,293.266,292.716,292.822,296.559,8151.847
4/1/1994,9456.566,7837.430,1360.627,7502.885,1740.981,1442.426,1593.483,1272.583,1879.644,1457.515,1705.958,1742.286,3103.786,292.687,294.063,294.093,295.673,294.252,293.194,292.640,292.784,296.386,8062.610
5/1/1994,9067.594,7412.342,1428.192,7224.965,1555.475,1262.927,1395.455,1106.253,1893.758,1399.916,1638.574,1595.313,3080.433,292.697,294.158,294.153,295.815,294.394,293.255,292.757,292.889,296.596,7685.299
6/1/1994,8498.304,6732.029,1738.282,6893.030,1467.807,1169.004,1239.611,985.536,1969.601,1451.505,1666.135,1490.708,3188.548,292.609,294.077,294.104,295.752,294.075,293.019,292.510,292.739,296.291,7628.003
7/1/1994,7597.411,6112.541,1899.936,6313.142,1463.050,1165.926,1156.745,955.861,2328.167,1698.671,1693.266,1354.560,3552.058,292.664,294.120,294.124,295.746,293.969,293.003,292.516,292.787,296.136,7186.978
8/1/1994,6593.011,5485.795,1607.040,5581.344,1477.779,1168.346,1108.307,931.574,2530.771,1868.408,1765.858,1316.975,3735.693,292.958,294.437,294.365,296.008,294.121,293.273,292.691,292.971,296.179,5917.561
9/1/1994,5427.821,5108.141,1665.965,5130.926,1552.851,1224.267,1139.225,966.775,2588.131,1982.288,1877.989,1363.489,3705.185,293.154,294.648,294.567,296.189,294.170,293.425,292.826,293.182,296.225,5369.672
10/1/1994,5167.757,5205.600,1117.152,5297.318,1622.215,1336.708,1178.059,1045.055,2581.597,2090.545,1758.933,1263.643,3468.274,293.214,294.700,294.617,296.226,294.303,293.519,292.936,293.264,296.448,5295.018
11/1/1994,5326.042,5727.888,1039.219,5598.278,1679.920,1417.520,1230.255,1109.658,2465.143,2048.613,1718.587,1237.836,3346.057,293.358,294.818,294.757,296.337,294.544,293.695,293.157,293.444,296.784,5305.835
12/1/1994,5493.571,5860.080,1168.992,5955.955,1809.100,1563.091,1438.716,1286.271,2320.474,1948.871,1714.377,1399.688,3366.681,293.378,294.800,294.770,296.320,294.755,293.813,293.264,293.513,297.068,5494.277
1/1/1995,5795.712,6449.328,999.043,6493.589,1805.617,1565.247,1531.439,1319.931,2068.376,1775.326,1651.561,1549.071,3049.086,293.306,294.705,294.700,296.247,294.830,293.789,293.283,293.486,297.220,5912.567
2/1/1995,6682.262,7385.040,602.640,7226.131,1770.881,1510.197,1554.458,1304.756,1924.216,1584.194,1658.461,1625.490,3081.906,293.171,294.538,294.603,296.138,294.752,293.668,293.199,293.419,297.055,6545.598
3/1/1995,7003.757,8034.077,500.774,7677.758,1876.088,1568.983,1687.223,1380.505,1958.718,1578.273,1787.334,1802.485,3231.589,292.965,294.317,294.379,295.921,294.399,293.393,292.882,293.105,296.439,7384.821
4/1/1995,6823.181,8339.414,857.088,7502.885,1870.196,1488.607,1666.210,1317.560,2175.318,1626.060,2041.166,1952.561,3490.432,292.924,294.327,294.370,295.944,294.167,293.310,292.790,293.114,296.110,7360.908
5/1/1995,6493.478,8028.374,1197.504,7224.965,1654.635,1257.871,1437.799,1103.103,2163.386,1540.860,2037.160,1858.791,3431.230,292.964,294.429,294.447,296.067,294.690,293.552,293.005,293.146,296.881,7076.303
6/1/1995,6095.261,7329.312,1336.522,6893.030,1535.891,1162.812,1274.988,997.493,2185.238,1550.966,1944.081,1651.992,3456.601,292.908,294.404,294.426,296.055,294.029,293.190,292.690,293.077,296.005,6823.249
7/1/1995,5490.461,6598.368,1301.184,6313.142,1732.867,1304.487,1351.964,1085.694,2720.853,1921.676,2268.075,1748.510,4138.429,292.969,294.478,294.489,296.106,293.876,293.150,292.621,293.100,295.824,6187.803
8/1/1995,4740.509,5990.371,1489.190,5581.344,1649.104,1259.436,1213.033,1008.682,2755.523,1993.215,2108.327,1514.665,4070.870,293.106,294.627,294.590,296.215,293.955,293.276,292.712,293.179,295.894,5514.703
9/1/1995,5030.726,4927.046,822.269,5130.926,1710.503,1350.470,1248.726,1073.710,2851.738,2140.259,2078.300,1464.403,4107.434,293.005,294.514,294.466,296.075,293.853,293.173,292.623,293.069,295.878,5248.115
10/1/1995,5717.520,4310.669,676.512,5297.318,1910.496,1552.949,1390.250,1226.768,3002.426,2355.796,2150.860,1519.763,4119.451,292.850,294.352,294.315,295.908,293.741,293.033,292.497,292.930,295.848,5878.289
11/1/1995,5987.606,4128.538,867.802,5598.278,1995.041,1672.404,1515.614,1351.753,2978.152,2379.914,2145.939,1563.922,4150.853,292.795,294.248,294.214,295.781,293.837,293.027,292.551,292.880,296.044,6457.515
12/1/1995,6415.286,4157.050,938.304,5955.955,2267.898,1864.995,1845.809,1564.832,2849.051,2263.984,2385.525,1937.617,4171.594,292.726,294.168,294.168,295.719,293.990,293.090,292.548,292.864,296.277,6770.334
1/1/1996,7253.366,4494.528,696.384,6493.589,2171.761,1892.856,1891.649,1636.067,2576.748,2124.151,2009.462,1853.639,3826.255,292.700,294.065,294.089,295.592,294.198,293.160,292.686,292.894,296.488,7002.950
2/1/1996,8222.947,5193.072,739.238,7226.131,2166.961,1851.779,1955.446,1642.483,2422.178,1958.551,2068.564,2031.467,3740.791,292.550,293.893,293.952,295.462,294.171,293.070,292.584,292.754,296.443,7918.083
3/1/1996,8219.318,6181.488,1112.486,7677.758,2043.019,1681.481,1847.829,1498.147,2227.471,1745.111,2056.287,2029.538,3596.266,292.678,294.041,294.105,295.647,294.345,293.277,292.732,292.892,296.452,8187.674
4/1/1996,7667.309,6146.669,1363.306,7502.885,1737.551,1409.719,1582.773,1260.991,2042.319,1526.424,1817.486,1794.304,3353.968,292.735,294.116,294.150,295.726,294.050,293.131,292.583,292.865,296.031,8031.277
5/1/1996,7718.630,5625.677,1137.888,7224.965,1631.280,1265.270,1415.465,1103.509,2212.329,1571.711,1988.922,1789.925,3541.016,292.716,294.164,294.182,295.796,294.363,293.232,292.704,292.877,296.648,7586.722
6/1/1996,7109.510,5156.957,1365.984,6893.030,1549.499,1185.834,1278.012,1013.328,2286.447,1590.809,1982.100,1625.213,3692.477,292.618,294.089,294.128,295.742,293.853,292.951,292.461,292.819,295.902,7437.183
7/1/1996,6525.878,4794.077,1534.464,6313.142,1673.828,1276.652,1291.312,1040.350,2611.391,1871.283,2147.608,1642.151,3988.788,292.725,294.203,294.202,295.818,293.813,292.999,292.464,292.835,295.785,6848.024
8/1/1996,5990.198,4001.270,1708.819,5581.344,1651.295,1298.659,1233.328,1034.937,2728.999,2023.710,2013.625,1482.401,4007.642,292.889,294.346,294.300,295.900,293.912,293.132,292.596,292.937,295.884,6130.570
9/1/1996,5759.510,3918.240,1108.858,5130.926,1707.511,1353.725,1242.484,1062.453,2758.263,2101.267,2032.734,1443.367,3942.391,292.936,294.423,294.362,295.963,293.888,293.168,292.602,292.996,295.902,5514.043
10/1/1996,5864.227,4354.214,811.296,5297.318,1910.562,1550.521,1402.289,1220.863,2920.479,2338.896,2135.172,1541.069,3961.757,292.875,294.362,294.292,295.887,293.830,293.096,292.558,292.921,295.928,5903.629
11/1/1996,5605.546,4849.718,1189.210,5598.278,1850.692,1590.835,1415.310,1287.105,2631.058,2184.880,1886.032,1404.868,3637.111,292.917,294.355,294.299,295.860,294.029,293.194,292.702,292.988,296.220,6268.464
12/1/1996,6597.677,5049.302,756.864,5955.955,1990.273,1790.078,1670.620,1512.667,2497.574,2147.256,1783.168,1536.093,3567.555,292.814,294.197,294.165,295.686,294.180,293.222,292.709,292.915,296.425,6517.431
1/1/1997,6846.941,5718.902,950.832,6493.589,2015.501,1761.596,1760.448,1525.047,2234.930,1884.280,1850.449,1742.274,3356.170,292.705,294.089,294.129,295.646,294.194,293.153,292.655,292.885,296.567,7133.144
2/1/1997,7789.738,6514.128,1173.139,7226.131,1978.618,1726.683,1781.908,1514.723,2054.084,1737.408,1770.169,1778.521,3228.797,292.684,294.034,294.081,295.603,294.456,293.258,292.753,292.876,296.939,7810.509
3/1/1997,8183.808,7110.461,878.170,7677.758,1799.781,1540.372,1633.232,1364.063,1824.258,1509.498,1603.621,1650.365,3000.095,292.785,294.141,294.205,295.753,294.691,293.479,292.862,293.010,297.207,7963.206
4/1/1997,7845.811,6856.013,916.013,7502.885,1590.450,1328.402,1463.527,1186.276,1644.792,1301.086,1475.396,1571.331,2748.218,292.863,294.303,294.334,295.965,294.679,293.541,292.910,293.136,297.165,7493.762
5/1/1997,7458.998,6529.421,930.528,7224.965,1455.378,1195.713,1339.041,1076.779,1703.654,1254.629,1508.110,1533.338,2917.590,293.004,294.521,294.534,296.218,294.615,293.375,292.862,292.977,297.120,6863.486
6/1/1997,6324.307,6352.646,1748.995,6893.030,1209.583,931.755,992.473,796.955,1838.102,1299.113,1429.619,1224.743,3048.960,293.131,294.681,294.700,296.402,294.613,293.569,292.961,293.280,297.035,6587.718
7/1/1997,5611.680,5575.046,1200.096,6313.142,1111.026,875.688,862.639,717.045,1823.924,1344.100,1268.054,1017.516,2895.615,293.364,294.929,294.911,296.633,294.827,293.778,293.171,293.466,297.386,5299.359
8/1/1997,3806.438,4817.059,2115.936,5581.344,1080.992,860.326,817.863,698.989,1898.417,1430.460,1269.241,980.897,2908.490,293.669,295.202,295.165,296.851,295.027,294.061,293.439,293.758,297.433,4694.399
9/1/1997,2964.816,4881.341,1272.240,5130.926,1218.330,950.165,856.366,739.611,2184.149,1648.609,1470.445,1033.624,3163.406,294.126,295.691,295.635,297.317,295.242,294.445,293.802,294.223,297.478,3118.398
10/1/1997,2930.515,4948.214,578.016,5297.318,1380.174,1111.046,991.871,881.887,2191.496,1725.022,1565.576,1118.626,3133.534,294.199,295.725,295.673,297.306,295.334,294.522,293.901,294.299,297.619,3017.917
11/1/1997,3379.536,4675.018,543.715,5598.278,1578.347,1294.741,1181.503,1052.890,2223.460,1829.253,1653.251,1263.970,3091.673,294.158,295.645,295.607,297.204,295.400,294.520,293.924,294.260,297.756,3492.319
12/1/1997,3836.592,4848.682,614.304,5955.955,1782.292,1526.458,1436.578,1274.073,2153.814,1837.116,1720.180,1465.694,3081.385,293.960,295.392,295.351,296.913,295.449,294.459,293.857,294.091,297.888,4004.057
1/1/1998,5391.619,5646.845,487.469,6493.589,1925.459,1620.099,1621.366,1394.841,2157.828,1792.903,1877.801,1708.752,3243.928,293.793,295.190,295.215,296.756,295.339,294.290,293.757,293.993,297.766,4655.298
2/1/1998,6904.915,5673.802,310.694,7226.131,2005.212,1644.341,1729.400,1430.807,2146.447,1731.969,2046.209,1930.023,3439.522,293.658,295.023,295.109,296.629,295.233,294.138,293.652,293.875,297.594,5407.150
3/1/1998,7427.808,6911.568,430.618,7677.758,1967.664,1589.182,1697.675,1389.694,2228.109,1727.574,2065.510,1936.458,3643.769,293.491,294.871,294.963,296.504,294.967,293.914,293.406,293.620,297.152,6235.708
4/1/1998,7586.525,7267.795,543.715,7502.885,1796.659,1433.494,1572.509,1266.000,2138.349,1581.915,1951.598,1852.405,3539.667,293.455,294.859,294.903,296.482,294.637,293.711,293.149,293.449,296.738,6023.128
5/1/1998,7472.304,6915.283,992.736,7224.965,1610.344,1227.691,1367.384,1071.249,2201.866,1548.867,1975.601,1775.570,3572.063,293.324,294.797,294.811,296.439,295.071,293.981,293.475,293.717,297.354,6210.908
6/1/1998,7440.336,5710.003,1071.360,6893.030,1613.282,1183.777,1322.833,1025.744,2429.847,1665.389,2187.845,1800.675,3910.532,293.198,294.721,294.748,296.382,294.284,293.482,292.917,293.375,296.324,6024.203
7/1/1998,6262.963,5124.211,2042.496,6313.142,1782.194,1298.703,1363.102,1077.215,2862.500,1975.135,2443.452,1826.094,4441.739,293.076,294.614,294.637,296.258,293.961,293.257,292.693,293.237,295.949,6391.197
8/1/1998,5764.781,3495.744,1823.990,5581.344,1747.961,1336.307,1309.766,1093.558,2937.538,2109.524,2284.532,1660.476,4413.102,293.056,294.570,294.544,296.154,293.939,293.244,292.666,293.138,295.938,5835.781
9/1/1998,6202.310,2534.198,953.510,5130.926,1758.375,1373.377,1292.574,1104.349,2918.989,2184.583,2199.223,1560.636,4214.950,293.059,294.580,294.525,296.135,293.911,293.236,292.660,293.106,295.951,5164.592
10/1/1998,6579.274,2386.800,702.432,5297.318,1894.208,1518.290,1381.359,1209.030,2991.801,2324.232,2224.319,1569.070,4178.740,292.944,294.463,294.430,296.025,293.793,293.101,292.569,293.028,295.887,5654.990
11/1/1998,7434.806,2386.800,878.515,5598.278,2026.798,1683.670,1519.168,1354.812,3055.834,2425.062,2147.269,1547.310,4266.593,292.908,294.352,294.328,295.877,293.906,293.117,292.657,293.024,296.028,6202.765
12/1/1998,7790.861,2765.232,1039.392,5955.955,2040.387,1755.849,1654.653,1467.999,2732.419,2214.738,2033.079,1619.387,3929.384,292.775,294.184,294.189,295.710,293.914,293.060,292.604,292.924,296.047,6676.018
1/1/1999,8442.058,3349.123,865.123,6493.589,2216.728,1900.160,1886.719,1622.750,2758.557,2209.667,2186.988,1921.173,4033.728,292.531,293.904,293.940,295.447,293.925,292.940,292.468,292.713,296.149,7468.086
2/1/1999,8297.424,5080.925,1325.808,7226.131,2125.155,1806.188,1914.925,1591.853,2427.520,1929.151,2082.145,1993.529,3776.554,292.481,293.815,293.867,295.372,294.038,292.982,292.506,292.672,296.212,8351.820
3/1/1999,8138.448,6474.298,1391.040,7677.758,2118.439,1742.406,1952.728,1573.306,2299.057,1760.040,2182.425,2142.811,3711.497,292.468,293.812,293.866,295.396,294.065,293.089,292.576,292.795,296.049,8688.474
4/1/1999,7997.357,6884.093,1079.395,7502.885,1992.587,1583.786,1809.794,1413.556,2340.814,1713.653,2208.613,2131.393,3710.415,292.631,294.010,294.049,295.606,293.817,292.959,292.442,292.784,295.757,8117.208
5/1/1999,7211.462,6593.789,1734.048,7224.965,1729.867,1319.034,1514.279,1158.750,2320.162,1608.755,2157.378,1949.080,3660.701,292.603,294.059,294.096,295.700,294.087,293.008,292.497,292.657,296.232,8102.098
6/1/1999,6798.384,6400.944,1395.446,6893.030,1665.124,1245.837,1381.093,1076.095,2400.017,1675.432,2225.245,1842.095,3779.531,292.672,294.167,294.208,295.818,293.631,292.901,292.368,292.851,295.526,7341.319
7/1/1999,6664.118,5397.840,1516.320,6313.142,1767.373,1322.726,1358.937,1084.071,2752.132,1932.023,2352.003,1782.001,4247.054,292.673,294.185,294.218,295.831,293.551,292.843,292.320,292.827,295.489,6942.619
8/1/1999,6396.278,4438.973,1181.174,5581.344,1752.507,1353.671,1319.153,1095.545,2831.133,2053.969,2246.179,1655.971,4158.839,292.753,294.265,294.245,295.852,293.563,292.916,292.335,292.828,295.510,6140.883
9/1/1999,6269.184,4811.270,1232.064,5130.926,1804.907,1417.541,1329.411,1133.171,2889.516,2152.722,2267.705,1607.775,4128.918,292.700,294.249,294.227,295.842,293.434,292.816,292.235,292.772,295.500,6094.219
10/1/1999,6734.362,5499.878,938.304,5297.318,1887.717,1534.600,1371.753,1203.848,2995.883,2336.671,2199.180,1546.771,4121.643,292.755,294.267,294.231,295.829,293.648,292.940,292.400,292.840,295.771,6151.654
11/1/1999,6890.400,5700.758,948.154,5598.278,1874.462,1570.750,1416.553,1264.334,2755.545,2220.666,2056.226,1490.282,3883.995,292.757,294.230,294.194,295.766,293.756,292.976,292.480,292.849,295.943,6536.038
12/1/1999,7777.555,6395.414,982.368,5955.955,2133.193,1846.592,1733.323,1537.187,2740.098,2271.433,2086.274,1689.536,3851.490,292.653,294.078,294.093,295.620,293.747,292.893,292.461,292.805,295.953,6919.430
1/1/2000,7727.789,6925.738,1382.054,6493.589,2245.436,1909.127,1932.456,1646.676,2734.729,2184.924,2270.748,1978.859,4098.910,292.358,293.765,293.816,295.335,293.705,292.756,292.274,292.562,295.944,8044.499
2/1/2000,7925.990,7116.250,913.334,7226.131,2181.386,1851.432,1936.508,1616.140,2508.811,2002.304,2165.646,2022.204,3875.992,292.399,293.749,293.803,295.315,293.902,292.847,292.411,292.595,296.143,8267.860
3/1/2000,8248.608,6906.384,1104.970,7677.758,2172.791,1790.594,1988.624,1606.284,2419.435,1866.660,2200.914,2151.024,3802.929,292.389,293.735,293.795,295.327,294.124,293.108,292.576,292.752,296.138,8819.113
4/1/2000,7894.886,7059.053,1403.482,7502.885,1898.910,1531.857,1727.986,1368.785,2291.760,1682.053,2068.302,1988.391,3722.847,292.603,293.981,294.008,295.576,293.977,293.046,292.500,292.765,295.976,8328.066
5/1/2000,7776.346,6263.309,1104.192,7224.965,1781.296,1397.420,1578.957,1238.822,2289.643,1637.403,2072.677,1921.492,3610.820,292.634,294.057,294.087,295.679,294.007,292.919,292.420,292.578,296.168,7743.291
6/1/2000,6834.758,5816.016,1869.523,6893.030,1784.046,1361.397,1498.007,1166.307,2459.810,1727.057,2244.409,1916.731,3890.261,292.688,294.154,294.182,295.794,293.822,292.983,292.460,292.819,295.787,7531.595
7/1/2000,6340.810,5282.064,1332.288,6313.142,1751.153,1342.899,1370.098,1100.217,2730.167,1958.781,2205.404,1735.217,4159.518,292.794,294.257,294.259,295.864,293.823,293.041,292.506,292.888,295.738,6600.609
8/1/2000,5880.125,5482.944,1111.536,5581.344,1701.037,1322.597,1260.990,1049.443,2823.457,2065.453,2134.376,1553.640,4175.535,292.859,294.341,294.294,295.901,293.782,293.064,292.513,292.905,295.712,5873.938
9/1/2000,4931.539,5164.214,1427.587,5130.926,1704.084,1357.733,1241.292,1062.674,2826.784,2139.614,2041.647,1452.471,4000.036,292.755,294.250,294.196,295.801,293.667,292.965,292.401,292.816,295.690,6067.727
10/1/2000,4749.581,5330.880,1049.760,5297.318,1765.294,1434.966,1268.796,1117.084,2882.715,2238.896,2051.082,1415.359,4061.674,292.899,294.383,294.317,295.909,293.854,293.116,292.581,292.958,295.947,5903.908
11/1/2000,4616.698,5786.208,985.651,5598.278,1662.445,1426.573,1258.946,1148.434,2514.704,2059.949,1741.536,1272.504,3480.792,292.899,294.379,294.306,295.893,293.924,293.140,292.630,292.959,296.124,6277.022
12/1/2000,4776.192,5908.032,927.936,5955.955,1774.653,1578.607,1427.009,1295.635,2338.809,1961.306,1636.228,1327.976,3313.198,292.809,294.222,294.203,295.741,294.098,293.189,292.679,292.954,296.351,6542.787
1/1/2001,5446.397,6395.501,838.339,6493.589,1901.448,1695.075,1644.883,1438.295,2250.668,1899.773,1678.993,1576.584,3321.955,292.782,294.165,294.147,295.681,294.308,293.280,292.754,292.929,296.602,6862.412
2/1/2001,6129.389,6814.454,650.851,7226.131,1925.242,1688.742,1757.814,1487.931,2058.400,1713.733,1704.507,1744.857,3248.997,292.631,293.980,293.995,295.525,294.361,293.221,292.686,292.805,296.668,7659.267
3/1/2001,7051.190,6821.021,479.002,7677.758,2034.374,1713.288,1849.744,1513.777,2118.544,1698.902,1911.081,1914.239,3357.902,292.704,294.045,294.116,295.650,294.429,293.316,292.799,292.933,296.556,7884.799
4/1/2001,7059.485,6845.126,867.802,7502.885,1893.229,1550.528,1745.927,1394.286,2108.678,1591.016,1922.025,1931.601,3467.954,292.765,294.133,294.179,295.741,294.272,293.301,292.761,292.982,296.246,7683.499
5/1/2001,6825.427,6790.694,852.768,7224.965,1790.359,1406.012,1589.574,1237.638,2165.341,1589.024,2011.892,1920.295,3452.860,292.857,294.265,294.292,295.877,294.383,293.259,292.753,292.888,296.585,7169.559
6/1/2001,6484.493,5906.822,1087.430,6893.030,1641.550,1271.109,1376.858,1087.761,2178.288,1587.282,1989.104,1713.464,3481.012,292.751,294.219,294.253,295.873,294.007,293.085,292.589,292.904,296.042,6983.609
7/1/2001,5921.424,5502.470,1508.544,6313.142,1631.018,1264.131,1261.181,1025.330,2491.306,1841.452,1972.434,1543.025,3828.948,293.044,294.499,294.510,296.114,294.133,293.284,292.807,293.150,296.084,6156.157
8/1/2001,5208.970,5229.274,1333.843,5581.344,1534.772,1203.588,1130.706,954.748,2612.267,1942.002,1860.565,1355.358,3821.126,293.089,294.557,294.515,296.129,294.066,293.299,292.800,293.142,296.003,5496.504
9/1/2001,4192.819,4452.538,1400.803,5130.926,1728.853,1355.186,1236.627,1049.366,2851.130,2191.347,2060.046,1458.821,3968.397,293.095,294.592,294.529,296.138,293.978,293.287,292.738,293.152,295.947,5355.109
10/1/2001,3978.288,3881.779,876.096,5297.318,1704.243,1377.812,1231.669,1082.388,2752.936,2164.815,1923.574,1360.675,3840.759,293.156,294.643,294.562,296.165,294.152,293.414,292.862,293.222,296.220,5285.482
11/1/2001,4357.498,3763.930,618.710,5598.278,1703.912,1467.401,1296.773,1185.436,2502.555,2096.754,1665.675,1249.298,3406.848,293.207,294.656,294.586,296.151,294.307,293.488,292.990,293.286,296.470,5455.556
12/1/2001,4942.166,3688.762,746.496,5955.955,2055.006,1770.583,1664.027,1474.604,2569.172,2158.478,1966.393,1609.022,3745.568,293.094,294.507,294.498,296.030,294.404,293.479,292.970,293.239,296.651,5802.568
1/1/2002,5803.315,3937.853,945.475,6493.589,2001.392,1725.542,1719.751,1478.121,2361.521,1942.025,1877.501,1739.761,3617.573,293.063,294.444,294.449,295.969,294.536,293.521,293.012,293.217,296.844,6291.505
2/1/2002,6708.614,4795.546,621.389,7226.131,2025.178,1743.625,1774.583,1508.354,2133.618,1789.585,1834.317,1779.249,3427.986,292.999,294.340,294.404,295.915,294.702,293.546,293.045,293.197,297.080,6893.786
3/1/2002,7706.016,5650.387,384.653,7677.758,1953.875,1658.707,1783.437,1479.529,1988.664,1625.566,1809.664,1861.772,3325.243,292.998,294.336,294.408,295.934,294.654,293.505,292.964,293.091,296.887,7200.470
4/1/2002,7790.947,6183.389,661.565,7502.885,1803.135,1486.917,1666.480,1332.831,1918.583,1487.773,1784.926,1839.047,3176.041,292.930,294.318,294.358,295.936,294.460,293.446,292.899,293.106,296.536,7211.886
5/1/2002,7572.442,6206.717,997.920,7224.965,1713.746,1379.512,1526.704,1211.066,2028.619,1527.296,1850.993,1793.031,3282.525,292.996,294.436,294.456,296.068,294.755,293.567,293.079,293.204,297.085,6880.991
6/1/2002,7094.045,5737.997,1331.165,6893.030,1543.356,1208.449,1292.613,1030.087,2042.553,1506.503,1793.191,1580.565,3287.684,292.971,294.455,294.484,296.132,294.338,293.352,292.807,293.088,296.482,6630.471
7/1/2002,6005.232,4975.949,1806.624,6313.142,1515.229,1181.440,1187.033,963.404,2333.982,1741.226,1802.545,1448.882,3629.515,293.170,294.635,294.617,296.245,294.434,293.515,292.966,293.243,296.462,6021.323
8/1/2002,4888.339,4587.581,1526.688,5581.344,1491.594,1183.728,1115.162,940.881,2503.604,1904.418,1738.668,1317.679,3687.290,293.272,294.731,294.676,296.290,294.425,293.588,293.002,293.295,296.440,5205.004
9/1/2002,3956.256,3808.166,1382.054,5130.926,1506.873,1201.115,1091.278,939.012,2553.281,1992.145,1743.877,1255.295,3549.781,293.404,294.886,294.814,296.429,294.453,293.691,293.102,293.450,296.503,4678.048
10/1/2002,3831.149,3316.723,746.496,5297.318,1486.654,1220.055,1058.910,951.201,2508.114,1995.090,1630.819,1147.801,3418.942,293.539,295.034,294.964,296.578,294.630,293.833,293.267,293.620,296.780,4446.351
11/1/2002,3875.990,3359.578,779.414,5598.278,1653.282,1409.262,1237.808,1118.591,2370.396,1980.798,1643.776,1218.885,3331.508,293.548,294.997,294.927,296.505,294.830,293.942,293.391,293.642,297.083,4774.746
12/1/2002,4327.603,3611.002,852.768,5955.955,1840.813,1574.945,1450.637,1286.768,2480.768,2036.989,1779.978,1428.823,3620.115,293.524,294.948,294.915,296.466,294.915,293.971,293.414,293.661,297.197,5001.771
1/1/2003,4574.016,3996.691,717.811,6493.589,1859.567,1594.110,1576.955,1345.862,2169.806,1817.681,1757.203,1637.152,3258.271,293.399,294.809,294.818,296.361,294.909,293.908,293.379,293.626,297.234,5482.026
2/1/2003,5382.893,5181.926,409.795,7226.131,2016.599,1723.506,1764.642,1481.949,2156.800,1796.746,1855.563,1825.925,3352.841,293.131,294.499,294.543,296.074,294.740,293.662,293.152,293.329,296.961,6517.180
3/1/2003,5747.155,6323.962,449.971,7677.758,2048.728,1732.975,1815.224,1507.392,2165.913,1746.755,1922.163,1899.454,3482.498,293.033,294.378,294.456,295.982,294.482,293.396,292.932,293.078,296.603,7190.406
4/1/2003,5869.670,7044.451,621.389,7502.885,1914.532,1571.950,1733.310,1391.641,2125.912,1624.399,1941.185,1920.555,3464.779,292.893,294.250,294.314,295.862,294.103,293.153,292.651,292.906,296.091,7277.765
5/1/2003,6065.885,6793.027,824.256,7224.965,1860.377,1473.146,1662.847,1306.462,2212.934,1606.272,2110.122,1995.305,3559.338,292.754,294.174,294.215,295.799,294.677,293.550,293.086,293.234,296.846,7297.695
6/1/2003,5619.456,6241.277,1304.381,6893.030,1672.684,1292.090,1396.458,1107.100,2292.935,1653.635,2089.129,1772.555,3642.380,292.809,294.280,294.314,295.921,293.951,293.114,292.596,292.962,295.869,7017.243
7/1/2003,5520.355,5287.421,964.224,6313.142,1670.304,1268.074,1291.320,1035.527,2605.434,1873.351,2107.098,1625.424,4033.042,293.048,294.523,294.535,296.147,294.154,293.319,292.796,293.161,296.111,5853.694
8/1/2003,4968.605,4478.544,1218.672,5581.344,1709.137,1328.056,1262.346,1050.508,2808.660,2082.737,2113.698,1560.313,4112.101,293.120,294.586,294.548,296.147,294.156,293.401,292.810,293.172,296.097,5377.709
9/1/2003,4542.739,3506.285,814.234,5130.926,1668.154,1324.799,1204.789,1039.534,2800.162,2159.060,2003.968,1439.112,3955.926,293.145,294.639,294.576,296.181,294.175,293.423,292.825,293.201,296.256,4931.003
10/1/2003,4315.766,3209.760,743.904,5297.318,1778.469,1426.749,1261.260,1104.490,2878.357,2296.492,2041.936,1429.342,3915.939,293.272,294.782,294.729,296.332,294.222,293.485,292.937,293.350,296.369,4996.562
11/1/2003,4332.096,3051.734,1020.470,5598.278,1716.543,1453.680,1258.610,1145.084,2622.817,2162.806,1763.311,1291.674,3562.729,293.365,294.824,294.780,296.356,294.511,293.672,293.156,293.458,296.744,5249.951
12/1/2003,4636.570,3023.222,857.952,5955.955,1835.316,1615.260,1486.722,1341.681,2374.565,2005.666,1670.471,1411.638,3371.866,293.371,294.790,294.772,296.317,294.719,293.784,293.247,293.493,296.993,5225.013
1/1/2004,5559.926,3609.792,865.123,6493.589,1914.761,1674.529,1616.171,1417.079,2323.829,1936.102,1790.890,1627.903,3541.596,293.194,294.577,294.607,296.125,294.667,293.648,293.168,293.383,296.957,6026.338
2/1/2004,6114.355,4164.221,666.922,7226.131,1895.150,1636.604,1679.533,1418.594,2082.492,1714.530,1727.969,1700.353,3324.742,293.064,294.430,294.465,296.002,294.684,293.576,293.100,293.255,296.993,6744.743
3/1/2004,7089.293,4932.922,388.368,7677.758,1897.762,1640.026,1736.371,1449.656,1904.854,1581.528,1678.238,1751.529,3188.158,292.949,294.263,294.324,295.841,294.640,293.540,292.992,293.135,296.793,7315.110
4/1/2004,7324.042,5125.766,516.931,7502.885,1726.196,1422.562,1567.239,1266.727,1932.687,1486.249,1743.064,1741.915,3210.508,292.986,294.369,294.406,295.979,294.367,293.348,292.802,293.010,296.454,7089.356
5/1/2004,7069.334,5045.414,1036.800,7224.965,1689.955,1352.116,1505.711,1201.899,2059.582,1525.036,1892.814,1792.970,3370.321,292.887,294.311,294.338,295.945,294.748,293.536,293.064,293.132,297.004,7115.661
6/1/2004,6894.461,4761.504,1162.426,6893.030,1659.743,1301.925,1402.187,1115.271,2215.348,1609.346,1930.468,1690.280,3542.849,292.797,294.251,294.288,295.905,294.140,293.169,292.669,292.948,296.187,6933.667
7/1/2004,5979.139,4655.232,1788.480,6313.142,1626.274,1241.491,1267.711,1019.422,2544.944,1837.738,2066.445,1612.657,3938.769,292.961,294.436,294.443,296.058,294.067,293.240,292.708,293.079,296.042,6497.855
8/1/2004,5333.645,4301.683,1221.350,5581.344,1631.717,1278.053,1220.855,1024.244,2630.649,1976.539,1964.620,1459.230,3877.810,293.127,294.594,294.564,296.167,294.181,293.390,292.840,293.192,296.151,5350.665
9/1/2004,4802.544,4154.371,1363.306,5130.926,1658.559,1305.763,1203.494,1033.757,2724.109,2086.018,1985.423,1431.583,3847.846,293.310,294.807,294.745,296.359,294.318,293.582,292.978,293.359,296.363,4880.276
10/1/2004,4915.987,3798.835,751.680,5297.318,1803.725,1447.359,1279.675,1121.888,2881.024,2282.951,2071.322,1435.072,3993.276,293.296,294.819,294.754,296.369,294.255,293.518,292.959,293.364,296.396,4960.368
11/1/2004,5437.670,3295.296,782.093,5598.278,1797.738,1491.308,1332.310,1187.438,2708.456,2198.425,1871.186,1379.558,3760.207,293.488,294.970,294.930,296.518,294.595,293.773,293.238,293.580,296.810,4860.318
12/1/2004,5567.011,3474.144,987.552,5955.955,1957.692,1680.440,1567.800,1386.104,2464.602,2073.606,1900.751,1548.927,3683.361,293.445,294.857,294.843,296.381,294.738,293.819,293.305,293.555,296.979,5149.843
1/1/2005,5963.933,3771.446,873.158,6493.589,2037.451,1762.485,1729.410,1501.135,2385.165,1994.105,1868.851,1720.238,3603.892,293.340,294.719,294.745,296.263,294.815,293.796,293.294,293.504,297.126,5697.885
2/1/2005,6531.754,4893.005,575.856,7226.131,2091.659,1769.545,1823.791,1524.520,2226.403,1833.877,1985.485,1911.526,3532.680,293.181,294.541,294.621,296.135,294.741,293.668,293.199,293.388,296.996,6460.676
3/1/2005,6931.613,5725.987,832.205,7677.758,1968.154,1642.573,1776.818,1458.024,1984.039,1590.639,1878.673,1894.298,3280.127,293.118,294.474,294.566,296.092,294.752,293.681,293.132,293.320,296.885,7183.514
4/1/2005,6924.442,6572.362,865.123,7502.885,1768.011,1419.605,1598.431,1264.003,2013.438,1504.151,1892.289,1871.304,3427.137,293.147,294.545,294.592,296.168,294.450,293.490,292.945,293.213,296.533,6927.983
5/1/2005,6555.427,6287.242,1303.776,7224.965,1677.450,1301.793,1445.081,1137.089,2208.986,1602.285,2014.270,1812.528,3579.820,293.059,294.506,294.533,296.140,294.768,293.632,293.153,293.339,297.027,6930.767
6/1/2005,6493.478,5906.909,1116.893,6893.030,1495.638,1158.187,1228.342,986.967,2169.371,1551.036,1851.939,1528.888,3547.583,292.951,294.415,294.457,296.069,294.211,293.280,292.806,293.143,296.287,6581.356
7/1/2005,6426.000,5105.981,1270.080,6313.142,1585.405,1193.964,1220.678,983.654,2479.987,1768.040,2057.973,1556.409,3928.830,293.091,294.579,294.598,296.218,294.175,293.345,292.834,293.227,296.187,5945.605
8/1/2005,6278.688,4757.789,1143.677,5581.344,1672.220,1299.524,1253.418,1052.435,2764.828,2055.617,2038.831,1510.079,4018.308,293.182,294.675,294.645,296.258,294.147,293.406,292.862,293.263,296.110,5207.702
9/1/2005,5755.450,3970.339,1232.064,5130.926,1728.180,1360.216,1261.924,1082.458,2832.773,2159.224,2076.241,1471.162,4056.346,293.186,294.700,294.650,296.263,294.095,293.399,292.824,293.254,296.080,5047.717
10/1/2005,6322.406,4050.864,857.952,5297.318,1887.991,1521.247,1367.389,1200.597,2964.284,2348.150,2177.590,1539.876,4093.550,293.096,294.627,294.596,296.199,293.953,293.262,292.720,293.183,296.052,5443.914
11/1/2005,6831.389,4133.894,934.762,5598.278,1904.698,1602.881,1439.742,1297.725,2757.617,2263.939,1954.078,1457.602,3795.911,293.026,294.495,294.474,296.038,294.021,293.237,292.754,293.123,296.163,5903.902
12/1/2005,6879.946,4450.118,1054.944,5955.955,2049.050,1775.232,1668.520,1489.417,2675.461,2201.964,1960.087,1597.538,3819.783,292.872,294.285,294.298,295.817,294.049,293.172,292.719,293.031,296.210,6456.649
1/1/2006,7369.920,4693.853,1202.602,6493.589,2184.034,1883.423,1908.110,1648.885,2584.894,2128.060,2118.905,1916.580,3920.908,292.771,294.157,294.188,295.702,294.201,293.206,292.717,292.953,296.453,6981.267
2/1/2006,7819.891,5388.077,996.365,7226.131,2256.720,1891.538,2007.551,1662.855,2454.004,2006.900,2244.658,2135.650,3761.926,292.618,293.973,294.037,295.539,294.192,293.129,292.645,292.832,296.424,7827.394
3/1/2006,8112.787,5699.549,708.826,7677.758,2052.102,1727.118,1877.825,1531.884,2072.360,1680.367,1928.738,1981.083,3397.940,292.882,294.215,294.277,295.803,294.421,293.359,292.802,292.964,296.485,7614.352
4/1/2006,7398.086,6066.490,1424.909,7502.885,1917.138,1547.151,1730.780,1367.893,2143.448,1643.871,2015.530,1979.963,3460.883,292.818,294.197,294.235,295.802,294.256,293.303,292.771,293.030,296.239,7832.069
5/1/2006,6763.219,5620.666,1443.744,7224.965,1815.619,1428.267,1593.148,1245.909,2214.864,1644.314,2097.346,1954.752,3516.724,292.863,294.287,294.321,295.909,294.575,293.424,292.937,293.058,296.773,7356.776
6/1/2006,6909.062,5438.534,1103.501,6893.030,1660.680,1267.726,1389.466,1087.202,2243.963,1619.450,2022.540,1755.221,3553.980,292.992,294.470,294.501,296.120,294.230,293.334,292.809,293.151,296.240,6484.520
7/1/2006,6475.334,5223.398,1692.576,6313.142,1706.987,1312.611,1338.146,1081.970,2585.341,1891.110,2099.717,1663.164,3978.963,293.108,294.589,294.595,296.207,294.227,293.393,292.866,293.223,296.201,6104.886
8/1/2006,5596.819,5282.323,1446.336,5581.344,1624.892,1285.686,1246.733,1053.589,2669.278,1992.664,1930.683,1485.030,3982.896,293.305,294.758,294.713,296.304,294.371,293.579,293.027,293.357,296.346,5108.605
9/1/2006,4989.427,5046.624,1001.722,5130.926,1595.847,1267.555,1175.026,1013.966,2697.555,2066.894,1893.122,1377.011,3867.145,293.424,294.930,294.845,296.464,294.446,293.705,293.089,293.448,296.512,4447.212
10/1/2006,4994.352,4897.498,710.208,5297.318,1675.087,1359.456,1209.494,1067.892,2720.720,2162.434,1870.667,1349.155,3739.095,293.530,295.031,294.961,296.569,294.598,293.804,293.229,293.584,296.770,4464.406
11/1/2006,5421.859,5387.645,808.877,5598.278,1800.353,1519.205,1368.223,1226.283,2610.889,2146.794,1864.006,1429.475,3647.100,293.573,295.035,294.973,296.550,294.776,293.919,293.361,293.651,297.009,4726.154
12/1/2006,5586.710,5776.445,1249.344,5955.955,1872.654,1628.704,1509.502,1351.632,2461.026,2069.815,1808.826,1494.403,3672.823,293.500,294.916,294.882,296.427,294.884,293.945,293.387,293.616,297.118,5189.198
1/1/2007,6367.766,5677.344,1258.848,6493.589,1963.887,1715.161,1688.581,1469.797,2222.776,1909.030,1783.525,1677.092,3360.779,293.336,294.706,294.711,296.232,294.882,293.841,293.332,293.484,297.149,5889.610
2/1/2007,6951.658,6373.555,567.821,7226.131,2002.989,1704.232,1750.542,1462.557,2150.929,1820.210,1884.369,1842.260,3234.303,293.041,294.408,294.435,295.966,294.644,293.584,293.087,293.240,296.842,6755.471
3/1/2007,7682.256,7111.066,394.330,7677.758,1962.150,1653.843,1763.915,1461.583,2093.924,1692.321,1886.342,1868.164,3370.510,292.950,294.294,294.347,295.882,294.482,293.424,292.897,293.035,296.504,7351.074
4/1/2007,7747.315,6687.878,715.133,7502.885,1886.394,1514.391,1691.419,1333.047,2104.015,1601.983,1985.764,1940.657,3398.561,292.892,294.273,294.297,295.871,294.183,293.257,292.759,293.032,296.134,7355.422
5/1/2007,7820.669,5954.342,1236.384,7224.965,1809.881,1411.835,1576.333,1234.376,2269.199,1643.856,2135.173,1957.180,3601.558,292.871,294.307,294.345,295.940,294.653,293.527,293.018,293.133,296.769,7224.302
6/1/2007,7769.866,5659.718,1414.195,6893.030,1665.341,1280.329,1375.948,1087.333,2277.364,1648.891,2087.612,1768.145,3541.770,292.846,294.314,294.357,295.963,293.953,293.118,292.644,293.014,295.872,6962.507
7/1/2007,7045.056,5216.486,2039.904,6313.142,1642.181,1256.458,1272.151,1030.612,2558.170,1844.882,2061.540,1586.353,3914.674,292.928,294.401,294.421,296.025,293.972,293.167,292.676,293.071,295.922,6690.752
8/1/2007,6699.542,5028.998,1151.712,5581.344,1752.567,1367.948,1303.031,1089.648,2792.903,2065.481,2187.940,1593.234,4141.739,292.931,294.405,294.375,295.970,293.858,293.140,292.598,293.004,295.761,5736.690
9/1/2007,6559.315,4595.098,1124.928,5130.926,1782.233,1402.799,1314.628,1115.277,2896.461,2173.112,2190.877,1571.115,4182.307,292.837,294.333,294.257,295.862,293.737,293.056,292.465,292.860,295.718,5726.435
10/1/2007,6928.157,4279.219,780.192,5297.318,1945.802,1556.042,1414.519,1228.932,3050.415,2365.501,2327.845,1622.934,4293.177,292.708,294.239,294.199,295.805,293.498,292.835,292.297,292.777,295.581,6227.937
11/1/2007,6694.099,4185.475,1309.738,5598.278,2045.840,1698.927,1525.836,1354.798,3013.320,2416.999,2195.248,1580.410,4162.033,292.662,294.141,294.128,295.694,293.567,292.830,292.362,292.781,295.677,6801.985
12/1/2007,6758.294,4172.515,1363.392,5955.955,2137.830,1843.733,1739.576,1542.094,2894.086,2323.790,2151.376,1697.281,4189.985,292.520,293.934,293.953,295.472,293.674,292.810,292.341,292.670,295.818,7354.984
1/1/2008,7058.016,4327.862,1315.094,6493.589,2321.390,1954.562,1978.340,1668.799,2887.219,2299.524,2347.819,2035.613,4238.459,292.416,293.806,293.836,295.352,293.742,292.801,292.326,292.594,295.887,7839.838
2/1/2008,8193.658,5799.946,806.198,7226.131,2245.289,1862.435,1958.638,1611.063,2652.177,2080.795,2261.629,2083.010,3953.521,292.353,293.736,293.813,295.338,293.849,292.831,292.337,292.590,296.044,8268.848
3/1/2008,8218.714,6557.328,984.701,7677.758,2165.260,1778.476,1958.895,1582.829,2466.779,1887.149,2252.144,2158.985,3947.157,292.461,293.810,293.902,295.424,294.090,293.053,292.532,292.763,296.256,8597.829
4/1/2008,7943.184,6967.123,1149.034,7502.885,1972.051,1580.075,1773.554,1413.002,2379.752,1743.217,2208.591,2085.514,3816.119,292.583,293.983,294.040,295.610,294.045,293.088,292.542,292.843,296.140,8179.581
5/1/2008,7847.798,6510.931,1075.680,7224.965,1769.375,1391.110,1564.043,1235.213,2355.220,1655.525,2134.541,1949.990,3801.502,292.665,294.110,294.152,295.752,294.045,292.951,292.486,292.700,296.271,7539.756
6/1/2008,7786.195,6406.474,1427.587,6893.030,1774.509,1363.030,1505.802,1188.957,2522.547,1759.806,2242.536,1921.016,4023.048,292.788,294.245,294.298,295.888,293.964,293.102,292.592,292.980,295.991,6989.904
7/1/2008,7572.182,5729.962,1614.816,6313.142,1681.039,1278.507,1318.447,1069.271,2710.570,1906.288,2183.363,1672.659,4241.333,292.892,294.380,294.417,296.023,293.930,293.140,292.595,293.044,295.929,6520.262
8/1/2008,6964.186,5893.344,1941.840,5581.344,1793.430,1379.758,1326.771,1108.241,3024.017,2189.284,2287.601,1657.295,4422.927,293.027,294.529,294.493,296.094,293.930,293.245,292.640,293.083,295.904,5951.371
9/1/2008,7062.422,5574.614,1009.757,5130.926,1768.287,1390.081,1297.875,1117.043,2943.387,2208.946,2197.733,1556.904,4265.224,293.026,294.536,294.492,296.093,293.945,293.245,292.662,293.089,295.997,5250.554
10/1/2008,7560.259,5779.123,873.504,5297.318,1875.066,1513.642,1384.059,1213.749,3019.440,2349.132,2192.652,1554.662,4257.060,292.972,294.495,294.448,296.052,293.898,293.173,292.628,293.053,296.041,5687.937
11/1/2008,7704.893,5618.419,980.294,5598.278,1874.303,1580.606,1417.067,1281.729,2802.705,2258.882,2021.598,1452.179,4076.211,292.967,294.449,294.402,295.980,294.038,293.238,292.716,293.060,296.207,6091.350
12/1/2008,7262.957,5330.707,1365.984,5955.955,2076.666,1826.033,1721.753,1551.177,2721.306,2258.265,1993.107,1627.159,3963.030,292.845,294.235,294.232,295.743,294.097,293.182,292.724,292.965,296.282,6584.585
1/1/2009,7129.642,5443.200,1400.803,6493.589,2246.044,1950.694,1986.485,1709.062,2523.311,2104.332,2097.941,1961.162,3806.774,292.698,294.058,294.090,295.586,294.190,293.171,292.682,292.876,296.434,7328.733
2/1/2009,7335.878,6251.818,1333.843,7226.131,2128.275,1857.010,1935.020,1632.290,2229.756,1868.908,1899.246,1900.125,3507.897,292.647,293.988,294.033,295.549,294.327,293.183,292.715,292.832,296.646,7925.638
3/1/2009,7449.235,7208.957,1107.994,7677.758,2085.573,1831.185,1963.644,1635.953,2006.169,1678.975,1801.905,1941.200,3293.439,292.667,293.981,294.028,295.548,294.458,293.288,292.759,292.864,296.726,8245.541
4/1/2009,6767.366,7069.680,1371.341,7502.885,2031.861,1739.805,1890.627,1553.170,2000.774,1614.288,1872.761,1976.805,3267.789,292.728,294.083,294.137,295.693,294.457,293.349,292.775,292.937,296.691,7992.488
5/1/2009,6346.858,6867.504,1124.928,7224.965,1769.967,1452.516,1641.116,1305.514,1975.299,1499.149,1857.637,1896.152,3309.653,292.804,294.220,294.250,295.855,294.487,293.277,292.768,292.818,296.754,7401.409
6/1/2009,5977.498,6420.211,924.048,6893.030,1580.116,1270.813,1366.692,1098.401,2040.834,1525.623,1714.975,1589.083,3325.013,292.918,294.378,294.410,296.038,294.424,293.371,292.820,293.058,296.643,6562.988
7/1/2009,5122.483,6171.379,1267.488,6313.142,1444.934,1146.475,1148.967,945.303,2192.234,1642.744,1673.359,1376.332,3490.922,293.252,294.726,294.734,296.371,294.625,293.641,293.093,293.363,296.815,5596.212
8/1/2009,3823.459,5630.342,1540.080,5581.344,1477.591,1179.013,1109.934,938.355,2469.424,1871.604,1700.144,1288.996,3720.373,293.471,294.931,294.905,296.518,294.658,293.789,293.247,293.546,296.701,4815.119
9/1/2009,2906.928,5954.429,1221.350,5130.926,1477.530,1183.357,1059.305,918.743,2503.202,1952.953,1667.678,1198.640,3576.832,293.655,295.131,295.072,296.692,294.757,293.956,293.384,293.706,296.802,4057.473
10/1/2009,2675.462,6188.918,689.472,5297.318,1623.096,1331.511,1164.040,1039.710,2666.676,2139.774,1809.239,1281.555,3721.176,293.557,295.064,294.997,296.609,294.571,293.810,293.251,293.623,296.683,4389.957
11/1/2009,3095.971,6579.965,704.419,5598.278,1580.877,1347.724,1176.255,1078.985,2308.701,1942.080,1582.346,1174.144,3264.496,293.890,295.364,295.307,296.892,295.056,294.215,293.669,293.983,297.241,3993.768
12/1/2009,3738.528,6338.909,554.688,5955.955,1801.151,1576.970,1441.916,1299.526,2321.960,1969.140,1664.945,1394.040,3462.582,293.802,295.230,295.205,296.752,295.123,294.210,293.676,293.941,297.341,4263.396
1/1/2010,4505.414,5862.154,412.474,6493.589,1852.203,1589.058,1556.347,1344.820,2132.302,1777.159,1770.544,1615.147,3357.533,293.676,295.086,295.085,296.632,295.166,294.183,293.643,293.862,297.421,4760.569
2/1/2010,5651.770,5795.798,241.056,7226.131,1953.434,1687.657,1718.882,1465.001,2037.986,1708.277,1776.064,1759.941,3276.761,293.507,294.850,294.921,296.430,295.166,294.034,293.576,293.725,297.465,5661.526
3/1/2010,6158.506,6227.885,304.819,7677.758,1971.506,1609.372,1731.939,1414.668,2225.351,1708.783,2070.817,1964.167,3753.964,293.428,294.776,294.867,296.382,294.827,293.798,293.300,293.534,296.921,6278.313
4/1/2010,6257.779,6077.894,458.006,7502.885,1815.700,1452.542,1588.744,1269.726,2170.365,1623.806,2012.967,1893.061,3632.986,293.324,294.711,294.777,296.328,294.393,293.538,293.028,293.393,296.368,6375.237
5/1/2010,5732.813,5642.438,1124.928,7224.965,1857.840,1429.869,1583.408,1239.398,2342.504,1705.069,2296.842,2057.614,3758.800,293.206,294.652,294.709,296.286,295.033,293.937,293.463,293.665,297.229,6466.137
6/1/2010,5917.104,5422.810,1197.245,6893.030,1814.436,1356.712,1499.567,1175.163,2437.193,1743.650,2387.752,1997.349,3849.797,293.005,294.511,294.592,296.179,293.986,293.238,292.708,293.239,295.953,6464.977
7/1/2010,5814.461,4710.010,1179.360,6313.142,1981.992,1457.249,1560.208,1237.977,2787.743,2017.930,2647.799,2071.744,4156.536,292.922,294.506,294.550,296.164,293.619,293.052,292.433,293.092,295.528,6223.339
8/1/2010,5080.579,3582.403,1387.411,5581.344,1939.516,1480.337,1461.457,1214.529,2936.611,2159.473,2509.642,1852.758,4282.741,292.859,294.435,294.447,296.061,293.487,292.935,292.343,292.967,295.425,5975.922
9/1/2010,4936.723,2602.109,811.555,5130.926,1986.588,1544.286,1507.691,1275.023,3004.242,2259.206,2542.671,1865.049,4289.049,292.676,294.296,294.289,295.925,293.293,292.745,292.142,292.770,295.353,5931.596
10/1/2010,5520.442,2217.456,557.280,5297.318,2056.240,1658.364,1539.787,1344.677,3012.700,2358.544,2374.218,1714.056,4147.662,292.630,294.198,294.199,295.805,293.356,292.704,292.206,292.750,295.490,6242.606
11/1/2010,6620.832,1971.043,599.962,5598.278,2158.678,1788.021,1688.783,1490.776,3010.096,2403.376,2368.723,1783.121,4170.246,292.601,294.104,294.149,295.706,293.450,292.719,292.268,292.761,295.631,6650.376
12/1/2010,7221.312,2541.283,1381.536,5955.955,2288.779,1947.185,1880.999,1655.181,2979.504,2394.889,2329.401,1870.165,4262.224,292.528,293.968,294.027,295.547,293.588,292.755,292.300,292.706,295.764,7220.007
1/1/2011,7629.811,3326.054,1076.717,6493.589,2232.731,1880.705,1908.285,1615.414,2769.552,2220.136,2277.276,1990.697,4109.797,292.550,293.964,293.996,295.523,293.843,292.913,292.430,292.723,296.018,7437.592
2/1/2011,8682.422,4264.358,653.530,7226.131,2262.339,1875.267,1992.637,1624.169,2588.429,2066.548,2248.056,2133.619,3938.973,292.647,294.019,294.092,295.611,294.160,293.111,292.637,292.859,296.416,7632.780
3/1/2011,8823.600,5346.950,667.699,7677.758,2185.427,1794.525,1987.501,1601.085,2410.502,1868.709,2274.322,2221.973,3927.601,292.655,294.041,294.091,295.644,294.447,293.393,292.855,293.054,296.573,7999.204
4/1/2011,8607.946,5700.499,1140.998,7502.885,2001.435,1602.257,1813.644,1425.926,2265.942,1696.108,2142.824,2107.906,3693.940,292.879,294.268,294.322,295.887,294.256,293.304,292.809,293.109,296.323,7578.723
5/1/2011,7836.998,5132.851,1700.352,7224.965,1752.839,1373.121,1536.061,1210.401,2292.233,1642.535,2083.413,1906.212,3719.662,292.919,294.352,294.410,295.997,294.327,293.217,292.659,292.835,296.588,7271.359
6/1/2011,7319.462,4535.568,1982.016,6893.030,1576.452,1207.008,1302.643,1039.102,2238.749,1585.535,1996.057,1663.013,3616.698,292.935,294.412,294.464,296.080,294.152,293.250,292.753,293.121,296.225,7045.235
7/1/2011,7642.166,4737.744,1485.216,6313.142,1699.245,1303.914,1346.998,1090.043,2615.888,1880.075,2156.658,1694.186,4054.044,292.971,294.436,294.482,296.070,294.040,293.216,292.719,293.137,296.047,6296.628
8/1/2011,7248.442,4427.050,1706.141,5581.344,1829.110,1403.197,1378.627,1139.579,2894.176,2127.218,2339.096,1736.773,4247.342,292.979,294.492,294.489,296.090,293.814,293.149,292.590,293.077,295.752,5898.663
9/1/2011,7476.883,4269.024,808.877,5130.926,1863.226,1474.777,1368.167,1178.669,3002.379,2284.784,2294.014,1632.420,4299.661,292.881,294.432,294.389,296.009,293.624,293.000,292.432,292.936,295.621,5479.208
10/1/2011,8048.765,4379.443,925.344,5297.318,2022.777,1631.608,1524.042,1330.797,3053.257,2376.494,2309.299,1680.533,4238.688,292.738,294.275,294.254,295.852,293.559,292.878,292.351,292.832,295.678,6219.986
11/1/2011,8703.072,4920.480,929.405,5598.278,2053.799,1712.326,1578.975,1390.175,2890.722,2355.987,2204.859,1670.353,4052.439,292.854,294.323,294.292,295.861,293.816,293.043,292.582,292.938,295.965,6331.229
12/1/2011,8438.515,5239.296,1464.480,5955.955,2177.353,1887.906,1799.177,1588.196,2781.137,2297.722,2087.455,1740.732,3965.631,292.742,294.171,294.162,295.704,293.970,293.076,292.592,292.860,296.153,6830.881
1/1/2012,7771.075,6144.595,1807.920,6493.589,2228.183,1917.601,1947.888,1658.058,2596.478,2120.938,2117.591,1960.852,3829.429,292.588,293.967,293.959,295.478,294.113,293.093,292.554,292.721,296.351,7710.244
2/1/2012,7626.442,6976.282,1312.416,7226.131,2273.555,1956.518,2069.377,1745.142,2339.799,1942.607,2092.344,2082.484,3630.808,292.575,293.921,293.992,295.497,294.187,293.064,292.598,292.766,296.494,8071.607
3/1/2012,7663.162,8014.723,1037.318,7677.758,1962.261,1720.898,1868.881,1560.406,1903.383,1563.140,1709.928,1872.904,3214.654,292.614,293.950,293.996,295.529,294.484,293.336,292.770,292.915,296.790,8359.231
4/1/2012,6889.104,7682.602,1497.226,7502.885,1834.166,1508.461,1679.299,1348.221,2004.826,1528.942,1857.654,1885.372,3344.550,292.764,294.157,294.193,295.774,294.382,293.298,292.780,292.965,296.591,8036.682
5/1/2012,6181.229,6907.594,1583.712,7224.965,1724.583,1395.849,1556.819,1241.867,2033.375,1509.263,1845.747,1809.320,3365.043,292.820,294.236,294.276,295.878,294.483,293.236,292.716,292.785,296.899,7440.598
6/1/2012,5650.042,5854.982,1199.923,6893.030,1586.261,1248.742,1349.504,1075.688,2156.795,1568.392,1855.906,1641.928,3532.653,292.998,294.450,294.497,296.103,294.352,293.365,292.875,293.169,296.492,6565.817
7/1/2012,5315.760,5834.246,1140.480,6313.142,1442.044,1117.622,1126.558,922.002,2341.096,1702.960,1746.716,1378.374,3715.450,293.203,294.675,294.679,296.307,294.459,293.538,293.010,293.319,296.525,5646.551
8/1/2012,4517.597,5936.026,1167.782,5581.344,1503.197,1166.971,1102.848,928.668,2581.687,1910.253,1841.696,1336.834,3863.924,293.310,294.809,294.754,296.394,294.388,293.600,293.004,293.350,296.377,4947.931
9/1/2012,4273.344,6439.565,1074.038,5130.926,1534.481,1228.042,1112.060,968.116,2655.111,2040.287,1792.981,1275.753,3794.197,293.369,294.858,294.790,296.414,294.395,293.632,293.061,293.409,296.410,4595.979
10/1/2012,4436.726,6551.539,723.168,5297.318,1729.558,1404.589,1252.219,1106.101,2825.850,2242.696,1954.212,1389.340,3957.621,293.323,294.837,294.772,296.380,294.262,293.538,292.990,293.391,296.337,4913.901
11/1/2012,4320.346,7119.360,875.837,5598.278,1810.568,1521.488,1358.153,1222.086,2665.664,2195.950,1890.405,1396.172,3753.062,293.367,294.850,294.788,296.370,294.422,293.640,293.114,293.456,296.558,5168.561
12/1/2012,4784.573,7238.592,668.736,5955.955,2082.850,1791.580,1725.981,1530.725,2638.419,2207.426,1992.982,1673.144,3843.153,293.173,294.578,294.563,296.082,294.428,293.537,293.049,293.311,296.571,5557.855
1/1/2013,5056.646,6630.595,806.198,6493.589,2067.359,1789.219,1756.994,1517.259,2484.167,2065.769,1942.440,1763.709,3734.507,293.114,294.492,294.497,296.023,294.564,293.564,293.092,293.279,296.713,6145.962
2/1/2013,6433.344,6458.659,369.619,7226.131,2116.817,1807.167,1858.005,1560.000,2299.456,1902.014,1987.696,1925.465,3566.159,292.929,294.294,294.336,295.867,294.546,293.456,292.966,293.116,296.744,6904.666
3/1/2013,6915.974,6589.123,829.786,7677.758,1985.026,1673.357,1774.579,1462.962,2097.041,1687.386,1894.820,1901.033,3428.639,293.081,294.437,294.491,296.033,294.600,293.527,293.031,293.194,296.680,7217.526
4/1/2013,6892.560,6165.936,886.550,7502.885,1833.444,1496.152,1649.735,1327.326,2142.625,1611.463,1911.684,1862.872,3549.923,293.013,294.386,294.443,296.004,294.351,293.428,292.904,293.190,296.328,7232.310
5/1/2013,6931.267,5305.392,759.456,7224.965,1773.975,1382.298,1546.343,1209.796,2250.653,1632.348,2094.864,1921.566,3626.710,293.027,294.463,294.497,296.090,294.735,293.607,293.131,293.261,296.922,6723.886
6/1/2013,6648.480,4981.306,1132.963,6893.030,1670.976,1306.183,1401.734,1118.960,2219.295,1627.131,2021.627,1753.912,3521.650,292.896,294.356,294.411,296.012,294.136,293.222,292.746,293.095,296.146,6610.358
7/1/2013,6708.528,4509.562,1078.272,6313.142,1766.336,1375.945,1394.656,1141.418,2614.308,1947.896,2143.299,1702.589,3948.790,293.021,294.484,294.509,296.104,294.074,293.276,292.768,293.150,295.992,5996.514
8/1/2013,5666.630,4147.978,1746.317,5581.344,1800.164,1387.126,1349.599,1118.467,2815.010,2110.649,2232.876,1659.539,4118.855,293.150,294.637,294.633,296.227,294.054,293.357,292.805,293.244,295.932,5601.472
9/1/2013,4925.146,3443.558,1312.416,5130.926,1752.263,1390.833,1279.768,1101.305,2849.872,2205.823,2068.350,1500.671,3993.512,293.180,294.685,294.638,296.241,294.063,293.370,292.823,293.256,296.064,5105.141
10/1/2013,5395.853,3550.176,863.136,5297.318,1799.391,1443.481,1295.117,1135.144,2892.683,2270.854,2081.135,1471.746,4087.450,293.252,294.761,294.716,296.324,294.188,293.459,292.940,293.344,296.266,5121.443
11/1/2013,5616.346,3560.890,798.163,5598.278,1854.940,1566.318,1400.680,1261.449,2672.095,2213.699,1886.219,1421.361,3670.743,293.214,294.678,294.627,296.197,294.299,293.480,292.992,293.300,296.472,5523.732
12/1/2013,6177.686,3651.610,850.176,5955.955,2130.576,1816.698,1738.170,1525.130,2749.829,2249.093,2063.514,1694.289,4040.757,293.218,294.636,294.625,296.159,294.492,293.580,293.086,293.348,296.692,5612.092
1/1/2014,6677.510,3978.374,1138.320,6493.589,2064.682,1799.428,1773.993,1530.729,2356.088,1999.437,1849.726,1726.565,3581.136,293.148,294.519,294.520,296.042,294.702,293.653,293.133,293.306,296.944,6237.064
2/1/2014,7746.192,4687.027,704.419,7226.131,2077.470,1814.912,1854.757,1577.032,2146.317,1827.051,1819.328,1844.596,3405.790,292.983,294.338,294.412,295.934,294.666,293.508,293.040,293.201,297.003,6934.936
3/1/2014,8618.918,5603.558,570.931,7677.758,2191.744,1852.436,1980.440,1627.672,2107.176,1733.184,1977.667,2047.858,3390.403,292.848,294.203,294.285,295.822,294.871,293.647,293.103,293.196,297.248,7632.562
4/1/2014,8171.539,6029.424,1333.843,7502.885,1767.784,1530.373,1661.812,1374.138,1756.758,1404.387,1538.200,1685.543,3067.581,293.053,294.437,294.487,296.069,294.704,293.632,293.055,293.250,296.886,7322.805
5/1/2014,8130.499,6133.104,1018.656,7224.965,1775.390,1429.858,1594.061,1261.328,2058.172,1548.418,1878.429,1864.176,3407.971,293.117,294.576,294.597,296.226,294.606,293.414,292.902,293.037,297.002,6695.272
6/1/2014,7685.798,5798.304,1411.517,6893.030,1698.741,1333.033,1439.795,1144.236,2156.254,1609.883,1938.204,1753.067,3493.625,293.111,294.576,294.604,296.231,294.503,293.503,292.982,293.241,296.651,6364.744
7/1/2014,6912.778,5570.208,1638.144,6313.142,1627.022,1282.842,1292.611,1061.178,2422.987,1803.242,1904.497,1562.391,3742.155,293.180,294.660,294.678,296.305,294.401,293.486,292.974,293.287,296.485,5944.170
8/1/2014,5664.643,4962.211,1773.101,5581.344,1577.362,1243.253,1183.976,994.417,2591.582,1932.990,1871.753,1397.508,3905.684,293.335,294.797,294.776,296.390,294.459,293.614,293.089,293.401,296.484,5228.165
9/1/2014,5026.579,4354.214,1443.658,5130.926,1601.017,1268.697,1161.232,998.283,2702.589,2067.423,1891.955,1357.415,3925.240,293.443,294.930,294.883,296.502,294.501,293.718,293.150,293.511,296.548,4646.096
10/1/2014,5002.560,4062.010,886.464,5297.318,1690.116,1373.180,1215.492,1076.184,2765.212,2199.214,1902.390,1346.244,3889.237,293.443,294.938,294.865,296.472,294.524,293.742,293.170,293.518,296.647,4725.337
11/1/2014,5002.128,4597.690,977.616,5598.278,1776.810,1508.972,1316.697,1192.336,2584.558,2155.359,1802.518,1344.362,3620.209,293.603,295.063,295.010,296.586,294.790,293.945,293.387,293.691,296.963,4714.364
12/1/2014,4975.430,4766.170,966.816,5955.955,1801.091,1584.471,1476.247,1328.661,2341.132,1982.631,1671.356,1429.347,3516.805,293.581,295.001,294.950,296.501,294.974,294.032,293.462,293.682,297.203,4910.529
1/1/2015,6054.307,5039.366,865.123,6493.589,1957.240,1703.253,1692.281,1458.235,2268.333,1897.944,1737.674,1679.892,3441.935,293.266,294.647,294.651,296.183,294.885,293.827,293.234,293.405,297.180,5807.176
2/1/2015,7082.813,5973.091,524.966,7226.131,1936.602,1715.199,1742.750,1489.078,1927.939,1661.882,1639.328,1710.703,3199.233,293.264,294.620,294.674,296.203,295.002,293.825,293.326,293.442,297.386,6272.529
3/1/2015,7586.957,7175.261,805.594,7677.758,1919.432,1679.265,1758.038,1482.457,1814.300,1534.099,1629.091,1741.345,3083.064,293.132,294.489,294.558,296.097,294.960,293.736,293.185,293.299,297.361,7147.211
4/1/2015,7395.840,7285.075,862.445,7502.885,1811.555,1553.144,1691.416,1399.173,1737.434,1409.011,1612.784,1762.721,3047.550,293.136,294.528,294.580,296.162,294.936,293.756,293.183,293.358,297.386,6903.289
5/1/2015,6932.909,7152.883,977.184,7224.965,1736.935,1455.423,1600.991,1309.479,1795.833,1392.276,1673.682,1721.556,3104.275,293.205,294.665,294.701,296.328,294.992,293.745,293.216,293.325,297.418,6464.356
6/1/2015,6653.750,6718.982,940.118,6893.030,1457.369,1179.703,1216.504,994.673,1926.983,1452.896,1557.073,1404.639,3185.470,293.256,294.752,294.779,296.444,294.805,293.723,293.142,293.379,297.144,5883.870
7/1/2015,5100.797,6047.654,1944.000,6313.142,1357.903,1084.372,1099.749,904.802,2062.068,1542.773,1520.883,1297.452,3332.965,293.634,295.126,295.122,296.774,295.022,294.029,293.458,293.721,297.226,5162.924
8/1/2015,3823.200,5139.677,1553.472,5581.344,1297.717,1033.323,941.456,803.764,2259.755,1720.343,1473.201,1103.616,3420.969,293.900,295.412,295.391,297.055,295.149,294.239,293.671,293.988,297.292,3906.671
9/1/2015,2901.830,4220.986,1309.738,5130.926,1226.964,991.746,872.784,770.333,2162.779,1678.275,1415.147,1024.383,3241.019,294.157,295.677,295.623,297.286,295.343,294.498,293.886,294.235,297.459,3065.569
10/1/2015,2967.062,4140.115,671.328,5297.318,1408.148,1153.864,990.941,895.904,2368.654,1885.294,1516.282,1077.537,3319.133,294.377,295.890,295.842,297.478,295.481,294.672,294.105,294.472,297.642,2670.210
11/1/2015,3497.386,4024.944,514.253,5598.278,1513.810,1281.215,1132.281,1030.433,2302.938,1886.001,1548.765,1172.747,3334.570,294.335,295.824,295.782,297.378,295.564,294.705,294.109,294.440,297.782,3026.487
12/1/2015,4127.414,4035.312,660.960,5955.955,1714.735,1500.679,1415.279,1264.831,2158.367,1820.161,1612.060,1409.765,3316.173,294.264,295.699,295.674,297.233,295.700,294.740,294.155,294.403,297.994,3319.730
1/1/2016,5312.304,4110.307,391.046,6493.589,1846.704,1586.622,1546.240,1345.412,2151.285,1786.894,1727.152,1583.726,3239.396,294.045,295.468,295.501,297.054,295.606,294.565,294.009,294.258,297.985,4038.614
2/1/2016,6860.419,5529.341,275.875,7226.131,1915.448,1642.583,1679.457,1425.056,1981.678,1663.055,1802.248,1779.417,3251.349,293.857,295.240,295.292,296.834,295.530,294.407,293.886,294.057,297.889,4917.233
3/1/2016,7481.808,6277.219,388.368,7677.758,1935.923,1633.060,1724.246,1435.052,1890.714,1549.802,1828.810,1831.574,3286.358,293.621,294.979,295.068,296.597,295.010,293.922,293.377,293.510,297.084,5944.943
4/1/2016,7766.496,6724.512,736.560,7502.885,1878.406,1542.238,1677.213,1360.642,1976.352,1546.278,1885.435,1880.532,3318.508,293.372,294.762,294.793,296.369,294.630,293.669,293.147,293.380,296.606,6343.466
5/1/2016,7520.083,6418.656,1044.576,7224.965,1713.400,1341.774,1484.901,1171.250,2103.508,1550.599,1989.130,1854.345,3432.266,293.243,294.683,294.708,296.314,295.333,294.183,293.688,293.842,297.547,6388.090
6/1/2016,7188.134,5992.790,1290.989,6893.030,1587.879,1208.403,1294.003,1024.928,2256.485,1617.132,1997.848,1656.505,3669.741,293.211,294.711,294.742,296.385,294.429,293.529,293.035,293.365,296.441,6116.915
7/1/2016,6442.502,4709.750,1575.936,6313.142,1588.615,1222.216,1223.956,1000.491,2492.167,1816.655,1992.517,1543.161,3915.221,293.323,294.814,294.816,296.447,294.432,293.603,293.083,293.442,296.373,5608.051
8/1/2016,6016.637,3547.325,1823.990,5581.344,1662.251,1290.167,1214.562,1019.608,2779.705,2077.485,2006.109,1458.663,4061.608,293.459,294.933,294.897,296.509,294.449,293.699,293.169,293.531,296.322,4989.270
9/1/2016,5597.165,2513.462,1009.757,5130.926,1834.988,1436.475,1334.431,1139.551,2946.378,2257.929,2173.284,1567.409,4144.257,293.368,294.869,294.838,296.437,294.248,293.561,293.003,293.448,296.219,4582.267
10/1/2016,6399.907,2230.502,1021.248,5297.318,1900.449,1522.563,1371.181,1201.726,2978.704,2360.317,2202.160,1565.686,4177.177,293.264,294.790,294.745,296.356,294.187,293.459,292.927,293.345,296.296,5152.262
11/1/2016,6975.504,2452.810,798.163,5598.278,1921.578,1618.284,1481.357,1333.891,2661.644,2217.254,1971.481,1510.616,3727.410,293.273,294.739,294.727,296.292,294.374,293.548,293.052,293.402,296.556,5391.080
12/1/2016,7899.379,2836.426,959.040,5955.955,2091.396,1821.214,1698.006,1529.283,2637.599,2243.437,1964.599,1623.494,3794.568,293.233,294.639,294.644,296.167,294.494,293.572,293.115,293.385,296.717,5649.870
