DATA,TARGET,T-12,T0-1,T m norm,P1,P2,P7,P8,P9,P10,P11,P14,P17,T1 (°K),T2 (°K),T7 (°K),T8 (°K),T9 (°K),T10 (°K),T11 (°K),T14 (°K),T17 (°K)
1/1/1993,640.138,-0.419,-0.419,-0.593,-0.405,-0.409,-0.556,-0.521,0.106,0.022,-0.284,-0.585,0.012,-0.143,-0.057,-0.181,-0.096,-0.385,-0.291,-0.315,-0.359,-0.243
2/1/1993,645.926,-0.455,-0.568,-0.643,-0.200,-0.169,-0.316,-0.268,-0.026,0.113,-0.365,-0.456,-0.333,0.160,0.168,0.169,0.178,0.034,0.080,0.139,0.145,0.090
3/1/1993,1293.667,-0.129,-0.560,-0.182,0.099,0.299,0.011,0.191,-0.117,0.218,-0.340,-0.309,-0.375,0.257,0.194,0.173,0.143,0.472,0.381,0.361,0.260,0.453
4/1/1993,1285.632,0.120,0.301,0.169,0.722,0.798,0.683,0.773,0.217,0.425,0.185,0.383,-0.065,0.208,0.121,0.159,0.087,0.359,0.225,0.069,-0.001,0.488
5/1/1993,1518.653,0.362,0.290,0.512,0.375,0.426,0.521,0.534,-0.054,-0.021,0.206,0.478,0.015,-0.062,-0.113,-0.105,-0.149,0.483,0.414,0.480,0.293,0.396
6/1/1993,1915.488,0.640,0.600,0.905,-0.356,-0.301,-0.012,-0.131,-0.882,-0.967,-0.418,0.037,-0.490,-0.662,-0.692,-0.682,-0.664,0.098,-0.400,-0.295,-0.550,0.591
7/1/1993,1775.779,0.555,1.128,0.785,-0.407,-0.464,-0.136,-0.313,-0.691,-0.847,-0.293,0.029,-0.319,-0.546,-0.579,-0.527,-0.510,-0.031,-0.389,-0.346,-0.545,0.209
8/1/1993,1341.878,0.146,0.942,0.206,-0.482,-0.520,-0.358,-0.452,-0.460,-0.596,-0.319,-0.218,-0.275,-0.273,-0.378,-0.274,-0.347,-0.068,-0.251,-0.101,-0.143,0.027
9/1/1993,860.544,-0.361,0.365,-0.511,-0.280,-0.386,-0.291,-0.368,0.072,-0.140,-0.006,-0.065,0.107,0.355,0.298,0.311,0.294,0.150,0.337,0.249,0.321,-0.199
10/1/1993,838.339,-0.250,-0.275,-0.353,0.318,0.070,0.104,0.008,0.691,0.541,0.756,0.452,0.696,0.224,0.358,0.318,0.382,-0.247,0.098,-0.186,0.111,-0.460
11/1/1993,1296.000,-0.079,-0.304,-0.112,0.497,0.294,0.203,0.144,1.126,0.995,0.900,0.427,1.256,0.016,0.130,0.045,0.129,-0.283,-0.061,-0.307,-0.162,-0.388
12/1/1993,1149.034,-0.131,0.304,-0.185,-0.291,-0.215,-0.408,-0.291,0.365,0.358,-0.205,-0.471,0.454,0.338,0.321,0.159,0.172,-0.002,0.191,0.208,0.064,-0.158
1/1/1994,964.224,-0.568,0.109,-0.593,-0.351,-0.339,-0.604,-0.554,0.416,0.294,-0.285,-0.661,0.162,-0.147,-0.072,-0.198,-0.119,-0.364,-0.312,-0.252,-0.326,-0.167
2/1/1994,958.003,-0.560,-0.137,-0.643,-0.542,-0.469,-0.641,-0.579,-0.176,-0.120,-0.443,-0.670,-0.206,0.031,-0.001,-0.047,-0.037,0.134,0.066,0.114,-0.021,0.200
3/1/1994,1360.627,0.301,-0.145,-0.182,0.405,0.452,0.192,0.282,0.246,0.429,0.019,-0.061,-0.001,0.325,0.280,0.364,0.323,0.439,0.319,0.237,0.120,0.349
4/1/1994,1428.192,0.290,0.390,0.169,0.283,0.411,0.328,0.387,-0.081,0.151,-0.152,0.059,-0.248,0.075,-0.021,0.012,-0.061,0.236,0.014,-0.058,-0.313,0.265
5/1/1994,1738.282,0.600,0.480,0.512,0.953,1.112,1.181,1.187,0.077,0.226,0.404,0.874,0.141,-0.305,-0.393,-0.428,-0.486,0.180,0.277,0.353,0.420,0.009
6/1/1994,1899.936,1.128,0.892,0.905,-0.072,0.091,0.321,0.205,-1.085,-0.929,-0.475,0.254,-0.954,-0.911,-0.940,-0.980,-0.940,-0.098,-0.635,-0.533,-0.902,0.269
7/1/1994,1607.040,0.942,1.107,0.785,-0.775,-0.671,-0.455,-0.549,-1.365,-1.263,-0.971,-0.520,-1.250,-1.252,-1.281,-1.203,-1.183,-0.386,-1.078,-0.793,-1.096,0.297
8/1/1994,1665.965,0.365,0.718,0.206,-0.554,-0.568,-0.367,-0.482,-0.737,-0.818,-0.484,-0.255,-0.535,-0.052,-0.189,-0.117,-0.156,0.287,0.053,0.160,-0.023,0.174
9/1/1994,1117.152,-0.275,0.796,-0.511,-0.460,-0.554,-0.400,-0.501,-0.225,-0.350,-0.215,-0.203,-0.201,0.578,0.468,0.499,0.466,0.476,0.617,0.584,0.569,0.034
10/1/1994,1039.219,-0.304,0.066,-0.353,0.072,-0.095,-0.061,-0.124,0.461,0.361,0.405,0.182,0.306,0.236,0.338,0.288,0.354,-0.214,0.109,-0.091,0.121,-0.468
11/1/1994,1168.992,0.304,-0.037,-0.112,0.435,0.194,0.126,0.045,0.923,0.744,0.812,0.322,0.989,0.118,0.239,0.158,0.244,-0.305,-0.041,-0.199,-0.010,-0.434
12/1/1994,999.043,0.109,0.135,-0.185,0.018,0.045,-0.199,-0.107,0.665,0.615,0.031,-0.329,0.836,0.194,0.184,0.038,0.059,0.013,0.136,0.090,-0.030,-0.100
1/1/1995,602.640,-0.137,-0.091,-0.593,-1.165,-1.028,-1.090,-1.044,-0.714,-0.527,-1.199,-1.175,-1.160,0.494,0.484,0.268,0.348,0.443,0.456,0.574,0.249,0.679
2/1/1995,500.774,-0.145,-0.618,-0.643,-1.074,-0.937,-1.013,-0.948,-0.955,-0.709,-1.124,-1.102,-1.385,0.876,0.848,0.845,0.858,0.658,0.793,1.043,1.078,0.657
3/1/1995,857.088,0.390,-0.753,-0.182,0.175,0.237,0.108,0.170,-0.141,0.161,-0.229,-0.115,-0.413,0.528,0.461,0.509,0.460,0.470,0.442,0.416,0.413,0.359
4/1/1995,1197.504,0.480,-0.279,0.169,0.640,0.679,0.561,0.612,0.153,0.405,0.257,0.376,-0.139,0.296,0.234,0.301,0.234,0.110,0.032,-0.139,-0.243,0.087
5/1/1995,1336.522,0.892,0.173,0.512,0.655,0.624,0.730,0.647,0.258,0.328,0.510,0.764,0.215,-0.236,-0.256,-0.274,-0.281,0.708,0.713,0.628,0.575,0.540
6/1/1995,1301.184,1.107,0.358,0.905,0.093,0.085,0.356,0.212,-0.520,-0.583,0.037,0.436,-0.283,-0.661,-0.691,-0.720,-0.726,-0.083,-0.382,-0.405,-0.610,0.040
7/1/1995,1489.190,0.718,0.311,0.785,-0.257,-0.285,-0.033,-0.182,-0.549,-0.693,-0.141,0.126,-0.246,-0.638,-0.701,-0.642,-0.667,-0.185,-0.530,-0.417,-0.549,0.005
8/1/1995,822.269,0.796,0.561,0.206,-0.503,-0.620,-0.428,-0.564,-0.344,-0.568,-0.138,-0.149,-0.068,0.263,0.181,0.252,0.200,0.246,0.288,0.265,0.347,0.019
9/1/1995,676.512,0.066,-0.326,-0.511,-0.490,-0.599,-0.486,-0.565,-0.202,-0.343,-0.178,-0.263,-0.159,0.635,0.604,0.658,0.642,0.265,0.537,0.485,0.671,-0.098
10/1/1995,867.802,-0.037,-0.519,-0.353,0.170,-0.058,-0.028,-0.109,0.380,0.286,0.536,0.249,0.303,0.294,0.437,0.416,0.484,-0.329,0.080,-0.127,0.222,-0.551
11/1/1995,938.304,0.135,-0.265,-0.112,0.463,0.202,0.205,0.132,0.740,0.619,0.950,0.492,0.754,-0.095,0.095,0.040,0.146,-0.699,-0.376,-0.550,-0.209,-0.729
12/1/1995,696.384,-0.091,-0.171,-0.185,0.635,0.250,0.216,0.083,0.824,0.484,1.262,0.520,1.164,-0.257,-0.025,-0.080,0.048,-0.924,-0.615,-0.736,-0.364,-0.863
1/1/1996,739.238,-0.618,-0.493,-0.593,-0.227,-0.053,-0.369,-0.196,0.409,0.395,-0.390,-0.613,0.181,-0.217,-0.197,-0.271,-0.276,-0.623,-0.533,-0.317,-0.302,-0.563
2/1/1996,1112.486,-0.753,-0.436,-0.643,0.119,0.303,0.008,0.222,0.348,0.520,-0.158,-0.280,0.127,-0.218,-0.206,-0.181,-0.208,-0.478,-0.448,-0.259,-0.152,-0.417
3/1/1996,1363.306,-0.279,0.060,-0.182,0.690,0.671,0.481,0.559,0.661,0.820,0.433,0.286,0.323,-0.060,-0.036,-0.031,-0.040,0.317,0.272,0.217,0.169,0.198
4/1/1996,1137.888,0.173,0.394,0.169,0.390,0.442,0.440,0.478,0.071,0.214,0.018,0.198,-0.062,0.079,0.002,0.047,-0.029,-0.093,-0.269,-0.443,-0.583,-0.008
5/1/1996,1365.984,0.358,0.094,0.512,0.530,0.593,0.613,0.602,0.293,0.341,0.333,0.536,0.266,-0.568,-0.587,-0.636,-0.647,-0.072,-0.059,-0.137,-0.057,0.029
6/1/1996,1534.464,0.311,0.397,0.905,-0.219,-0.157,0.061,-0.036,-0.656,-0.734,-0.334,0.018,-0.419,-1.213,-1.216,-1.224,-1.213,-0.430,-0.936,-0.831,-1.060,0.036
7/1/1996,1708.819,0.561,0.621,0.785,-0.417,-0.506,-0.244,-0.424,-0.714,-0.858,-0.275,-0.094,-0.431,-0.992,-0.986,-0.969,-0.924,-0.413,-0.803,-0.757,-0.934,-0.131
8/1/1996,1108.858,-0.326,0.853,0.206,-0.398,-0.421,-0.286,-0.373,-0.563,-0.631,-0.319,-0.186,-0.394,-0.029,-0.191,-0.105,-0.176,0.209,0.002,0.205,0.058,0.054
9/1/1996,811.296,-0.519,0.055,-0.511,-0.444,-0.529,-0.421,-0.500,-0.283,-0.378,-0.218,-0.247,-0.345,0.473,0.381,0.433,0.388,0.290,0.452,0.448,0.520,-0.128
10/1/1996,1189.210,-0.265,-0.340,-0.353,0.371,0.111,0.126,0.012,0.545,0.491,0.631,0.391,0.257,0.174,0.298,0.244,0.313,-0.385,-0.021,-0.198,0.071,-0.598
11/1/1996,756.864,-0.171,0.162,-0.112,0.367,0.183,0.172,0.121,0.416,0.462,0.639,0.334,0.353,0.101,0.219,0.123,0.187,-0.474,-0.135,-0.254,-0.017,-0.685
12/1/1996,950.832,-0.493,-0.413,-0.185,-0.235,-0.113,-0.314,-0.185,0.207,0.316,-0.283,-0.469,0.122,-0.039,-0.025,-0.182,-0.149,-0.362,-0.183,-0.211,-0.283,-0.538
1/1/1997,1173.139,-0.436,-0.155,-0.593,-0.514,-0.405,-0.557,-0.441,-0.335,-0.267,-0.474,-0.647,-0.375,-0.381,-0.230,-0.274,-0.202,-0.849,-0.684,-0.689,-0.496,-0.761
2/1/1997,878.170,0.060,0.141,-0.643,-0.471,-0.248,-0.395,-0.253,-0.438,-0.211,-0.718,-0.654,-0.634,-0.163,-0.148,-0.246,-0.224,0.095,-0.047,-0.028,-0.215,0.232
3/1/1997,916.013,0.394,-0.251,-0.182,0.141,0.296,-0.032,0.157,0.261,0.518,-0.193,-0.326,0.043,0.166,0.106,0.118,0.077,0.380,0.254,0.134,0.080,0.529
4/1/1997,930.528,0.094,-0.201,0.169,0.552,0.652,0.540,0.610,-0.116,0.235,0.022,0.243,-0.411,0.036,0.004,0.038,0.007,0.231,-0.088,-0.124,-0.362,0.530
5/1/1997,1748.995,0.397,-0.182,0.512,1.080,1.341,1.395,1.464,-0.193,0.039,0.344,1.036,-0.153,-0.373,-0.458,-0.477,-0.547,0.295,0.205,0.340,0.213,0.365
6/1/1997,1200.096,0.621,0.906,0.905,-0.228,-0.267,-0.031,-0.171,-0.680,-0.752,-0.230,0.086,-0.536,-0.529,-0.541,-0.540,-0.520,0.032,-0.277,-0.301,-0.476,0.379
7/1/1997,2115.936,0.853,0.177,0.785,-0.852,-0.738,-0.540,-0.629,-1.572,-1.407,-1.163,-0.686,-1.599,-0.667,-0.687,-0.603,-0.540,0.192,-0.476,-0.268,-0.606,1.112
8/1/1997,1272.240,0.055,1.394,0.206,-0.983,-0.884,-0.697,-0.769,-1.435,-1.312,-1.120,-0.750,-1.370,-0.041,-0.183,-0.041,-0.090,0.666,0.128,0.348,0.139,1.185
9/1/1997,578.016,-0.340,0.273,-0.511,-0.741,-0.836,-0.649,-0.741,-0.318,-0.522,-0.421,-0.450,-0.220,0.845,0.816,0.857,0.871,0.760,0.944,0.828,0.902,0.507
10/1/1997,543.715,0.162,-0.650,-0.353,-0.458,-0.586,-0.475,-0.526,0.117,-0.094,-0.006,-0.220,0.246,0.746,0.814,0.801,0.865,0.482,0.726,0.509,0.713,0.330
11/1/1997,614.304,-0.413,-0.696,-0.112,-0.228,-0.298,-0.297,-0.273,0.159,0.087,-0.075,-0.259,0.212,0.664,0.708,0.642,0.690,0.430,0.634,0.480,0.578,0.368
12/1/1997,487.469,-0.155,-0.602,-0.185,-0.557,-0.374,-0.580,-0.413,-0.132,-0.004,-0.709,-0.780,-0.258,0.771,0.700,0.518,0.512,0.857,0.883,0.859,0.539,0.933
1/1/1998,310.694,0.141,-0.771,-0.593,-0.971,-0.868,-0.925,-0.879,-0.803,-0.630,-1.053,-1.015,-1.164,1.051,0.989,0.890,0.908,1.314,1.287,1.176,0.930,1.536
2/1/1998,430.618,-0.251,-1.006,-0.643,-0.705,-0.599,-0.649,-0.555,-0.725,-0.518,-0.780,-0.740,-0.996,1.413,1.295,1.389,1.321,1.513,1.549,1.607,1.514,1.498
3/1/1998,543.715,-0.201,-0.846,-0.182,0.357,0.457,0.139,0.327,0.230,0.506,0.020,-0.071,0.041,1.246,1.126,1.333,1.209,1.185,1.181,1.168,1.140,1.121
4/1/1998,992.736,-0.182,-0.696,0.169,0.773,0.807,0.673,0.764,0.380,0.575,0.362,0.479,0.212,1.002,0.909,1.004,0.917,0.841,0.711,0.552,0.426,0.989
5/1/1998,1071.360,0.906,-0.099,0.512,0.689,0.670,0.720,0.687,0.081,0.166,0.448,0.765,0.064,0.384,0.327,0.343,0.308,1.203,1.270,1.419,1.499,1.118
6/1/1998,2042.496,0.177,0.005,0.905,-0.120,-0.154,0.116,-0.011,-0.452,-0.578,-0.070,0.283,-0.204,-0.072,-0.133,-0.107,-0.126,0.533,0.252,0.223,0.036,0.757
7/1/1998,1823.990,1.394,1.297,0.785,-0.590,-0.658,-0.350,-0.505,-0.616,-0.859,-0.361,-0.149,-0.211,-0.266,-0.338,-0.246,-0.268,0.229,-0.111,0.015,-0.104,0.422
8/1/1998,953.510,0.273,1.006,0.206,-0.308,-0.473,-0.256,-0.411,-0.124,-0.411,0.083,0.055,0.214,0.225,0.145,0.218,0.172,0.281,0.253,0.277,0.316,0.194
9/1/1998,702.432,-0.650,-0.151,-0.511,-0.190,-0.371,-0.287,-0.352,0.239,-0.031,0.236,-0.008,0.327,0.566,0.590,0.665,0.657,0.099,0.403,0.344,0.627,-0.157
10/1/1998,878.515,-0.696,-0.485,-0.353,0.134,-0.106,-0.045,-0.126,0.350,0.253,0.515,0.274,0.152,0.543,0.685,0.686,0.741,-0.170,0.273,0.136,0.499,-0.404
11/1/1998,1039.392,-0.602,-0.251,-0.112,0.402,0.255,0.137,0.176,0.703,0.635,0.566,0.181,0.605,0.191,0.322,0.316,0.353,-0.474,-0.124,-0.196,0.178,-0.578
12/1/1998,865.123,-0.771,-0.037,-0.185,0.155,0.120,-0.063,0.030,0.303,0.294,0.218,-0.141,0.193,-0.046,0.119,0.101,0.163,-0.823,-0.486,-0.493,-0.123,-0.856
1/1/1999,1325.808,-1.006,-0.269,-0.593,0.245,0.302,-0.116,0.032,0.779,0.759,0.148,-0.262,0.561,-0.229,-0.182,-0.188,-0.188,-0.703,-0.590,-0.445,-0.311,-0.601
2/1/1999,1391.040,-0.846,0.344,-0.643,-0.451,-0.231,-0.489,-0.322,-0.153,0.007,-0.603,-0.693,-0.271,0.081,0.036,-0.002,-0.020,-0.027,-0.015,0.129,-0.027,-0.031
3/1/1999,1079.395,-0.696,0.431,-0.182,0.581,0.554,0.520,0.557,0.321,0.427,0.421,0.370,0.234,-0.078,-0.093,-0.104,-0.113,0.282,0.165,0.071,-0.039,0.177
4/1/1999,1734.048,-0.099,0.016,0.169,0.626,0.681,0.675,0.715,0.306,0.431,0.287,0.446,0.111,-0.065,-0.132,-0.129,-0.180,-0.262,-0.459,-0.578,-0.649,-0.129
5/1/1999,1395.446,0.005,0.887,0.512,0.653,0.634,0.809,0.681,0.236,0.202,0.496,0.811,0.177,-0.710,-0.697,-0.711,-0.711,-0.008,-0.023,-0.005,-0.071,-0.027
6/1/1999,1516.320,1.297,0.436,0.905,0.255,0.234,0.524,0.382,-0.191,-0.355,0.212,0.564,0.095,-0.953,-0.992,-1.003,-1.012,-0.412,-0.728,-0.703,-0.896,-0.219
7/1/1999,1181.174,1.006,0.597,0.785,-0.403,-0.477,-0.189,-0.365,-0.576,-0.756,-0.223,0.010,-0.219,-1.006,-0.991,-0.939,-0.904,-0.544,-0.906,-0.801,-0.901,-0.277
8/1/1999,1232.064,-0.151,0.152,0.206,-0.444,-0.553,-0.382,-0.498,-0.217,-0.479,-0.123,-0.146,0.000,-0.002,-0.062,0.007,-0.031,-0.070,-0.044,-0.018,0.083,-0.259
9/1/1999,938.304,-0.485,0.219,-0.511,-0.308,-0.471,-0.318,-0.396,0.050,-0.205,0.178,-0.015,0.083,0.187,0.298,0.342,0.374,-0.445,-0.060,-0.239,0.163,-0.633
10/1/1999,948.154,-0.251,-0.171,-0.353,-0.020,-0.212,-0.149,-0.227,0.448,0.251,0.416,0.164,0.324,0.182,0.307,0.278,0.346,-0.345,0.002,-0.176,0.104,-0.562
11/1/1999,982.368,-0.037,-0.158,-0.112,0.301,0.116,0.193,0.157,0.237,0.225,0.703,0.416,0.257,-0.185,0.060,0.000,0.110,-0.927,-0.535,-0.731,-0.285,-0.937
12/1/1999,1382.054,-0.269,-0.113,-0.185,0.060,0.115,-0.157,-0.018,0.166,0.338,0.062,-0.265,-0.006,-0.190,-0.066,-0.071,-0.041,-1.048,-0.766,-0.582,-0.260,-1.050
1/1/2000,913.334,0.344,0.419,-0.593,-0.145,-0.192,-0.268,-0.184,0.189,-0.051,0.112,-0.329,0.402,-0.833,-0.609,-0.642,-0.543,-1.368,-1.212,-1.152,-0.869,-1.086
2/1/2000,1104.970,0.431,-0.205,-0.643,-0.180,-0.028,-0.309,-0.165,0.007,0.126,-0.223,-0.444,-0.096,-0.179,-0.153,-0.191,-0.165,-0.579,-0.542,-0.213,-0.212,-0.455
3/1/2000,1403.482,0.016,0.050,-0.182,0.661,0.748,0.556,0.676,0.463,0.684,0.293,0.243,0.184,-0.332,-0.351,-0.341,-0.371,0.053,-0.069,-0.103,-0.262,-0.040
4/1/2000,1104.192,0.887,0.447,0.169,0.707,0.793,0.805,0.848,0.350,0.459,0.262,0.435,0.309,-0.268,-0.318,-0.336,-0.371,-0.201,-0.414,-0.537,-0.682,-0.069
5/1/2000,1869.523,0.436,0.049,0.512,0.885,0.925,1.156,1.109,0.241,0.218,0.537,0.968,0.208,-0.680,-0.710,-0.735,-0.771,-0.383,-0.401,-0.260,-0.279,-0.377
6/1/2000,1332.288,0.597,1.067,0.905,0.608,0.549,0.844,0.658,0.039,-0.161,0.601,0.965,0.443,-0.946,-0.942,-0.980,-0.960,-0.482,-0.759,-0.788,-0.968,-0.279
7/1/2000,1111.536,0.152,0.352,0.785,-0.045,-0.046,0.195,0.064,-0.266,-0.440,0.004,0.340,0.067,-0.718,-0.794,-0.763,-0.797,-0.340,-0.600,-0.567,-0.721,-0.313
8/1/2000,1427.587,0.219,0.059,0.206,-0.309,-0.350,-0.238,-0.317,-0.208,-0.392,-0.115,-0.074,0.017,-0.259,-0.385,-0.343,-0.409,-0.058,-0.176,-0.153,-0.239,-0.250
9/1/2000,1049.760,-0.171,0.479,-0.511,-0.174,-0.220,-0.150,-0.199,-0.002,-0.134,0.071,0.025,0.034,-0.057,-0.083,-0.081,-0.091,-0.236,-0.111,-0.150,-0.085,-0.471
10/1/2000,985.651,-0.158,-0.023,-0.353,-0.100,-0.264,-0.167,-0.242,0.243,0.088,0.340,0.140,0.295,0.130,0.205,0.134,0.193,-0.240,0.032,-0.181,-0.003,-0.519
11/1/2000,927.936,-0.113,-0.108,-0.112,-0.022,-0.125,0.010,0.001,-0.139,-0.102,0.310,0.179,-0.200,-0.157,0.091,-0.047,0.074,-0.902,-0.497,-0.709,-0.352,-0.900
12/1/2000,838.339,0.419,-0.185,-0.185,-0.219,-0.222,-0.419,-0.350,0.168,0.145,-0.244,-0.530,-0.041,-0.157,-0.022,-0.124,-0.048,-0.839,-0.591,-0.501,-0.325,-0.776
1/1/2001,650.851,-0.205,-0.304,-0.593,-1.075,-0.873,-1.016,-0.921,-0.519,-0.439,-1.066,-1.101,-0.677,-0.101,-0.073,-0.332,-0.235,-0.221,-0.177,-0.152,-0.486,-0.108
2/1/2001,479.002,0.050,-0.554,-0.643,-1.066,-0.834,-0.914,-0.803,-0.899,-0.696,-1.166,-1.070,-1.075,-0.075,-0.073,-0.255,-0.185,0.253,0.118,0.088,-0.163,0.398
3/1/2001,867.802,0.447,-0.782,-0.182,0.284,0.400,0.119,0.251,0.002,0.316,-0.109,-0.176,-0.399,0.217,0.164,0.262,0.229,0.393,0.217,0.284,0.145,0.364
4/1/2001,852.768,0.049,-0.265,0.169,0.566,0.693,0.635,0.752,0.167,0.343,0.069,0.239,-0.004,0.012,-0.100,-0.038,-0.129,0.182,0.008,-0.076,-0.260,0.154
5/1/2001,1087.430,1.067,-0.285,0.512,0.979,0.981,1.124,1.019,0.262,0.336,0.577,0.975,0.279,-0.279,-0.349,-0.352,-0.407,0.141,0.168,0.306,0.302,0.083
6/1/2001,1508.544,0.352,0.027,0.905,0.148,0.247,0.502,0.415,-0.518,-0.568,-0.079,0.453,-0.262,-1.151,-1.145,-1.177,-1.152,-0.495,-0.939,-0.898,-1.127,-0.135
7/1/2001,1333.843,0.059,0.587,0.785,-0.308,-0.250,-0.051,-0.161,-0.758,-0.775,-0.420,-0.035,-0.506,-0.723,-0.815,-0.742,-0.777,-0.125,-0.595,-0.375,-0.623,0.048
8/1/2001,1400.803,0.479,0.354,0.206,-0.579,-0.605,-0.430,-0.529,-0.621,-0.725,-0.463,-0.314,-0.421,-0.113,-0.264,-0.166,-0.220,0.205,-0.061,0.204,0.025,0.091
9/1/2001,876.096,-0.023,0.444,-0.511,-0.035,-0.218,-0.120,-0.244,0.291,0.083,0.308,0.172,0.254,0.329,0.288,0.325,0.301,-0.043,0.211,0.153,0.286,-0.406
10/1/2001,618.710,-0.108,-0.254,-0.353,-0.195,-0.360,-0.285,-0.370,0.290,0.129,0.166,-0.018,0.236,0.585,0.612,0.570,0.617,0.122,0.460,0.352,0.513,-0.291
11/1/2001,746.496,-0.185,-0.596,-0.112,0.205,0.120,0.125,0.148,0.255,0.325,0.277,0.124,0.021,0.137,0.259,0.171,0.222,-0.579,-0.210,-0.238,0.036,-0.686
12/1/2001,945.475,-0.304,-0.426,-0.185,0.678,0.501,0.255,0.310,0.879,0.786,0.783,0.189,0.932,-0.101,0.023,-0.008,0.039,-0.714,-0.443,-0.411,-0.174,-0.729
1/1/2002,621.389,-0.554,-0.162,-0.593,-0.652,-0.575,-0.780,-0.695,0.025,-0.080,-0.627,-0.882,-0.023,0.150,0.223,0.086,0.148,-0.277,-0.106,-0.048,-0.093,-0.228
2/1/2002,384.653,-0.782,-0.593,-0.643,-0.301,-0.156,-0.416,-0.271,0.001,0.139,-0.476,-0.633,-0.051,0.301,0.241,0.239,0.204,0.324,0.333,0.368,0.298,0.240
3/1/2002,661.565,-0.265,-0.908,-0.182,0.129,0.313,0.059,0.270,-0.006,0.335,-0.297,-0.276,-0.209,0.491,0.385,0.451,0.380,0.611,0.398,0.370,0.176,0.670
4/1/2002,997.920,-0.285,-0.539,0.169,0.517,0.669,0.673,0.736,-0.235,0.082,-0.048,0.291,-0.446,0.125,0.025,0.046,-0.028,0.482,0.259,0.072,-0.167,0.510
5/1/2002,1331.165,0.027,-0.092,0.512,0.764,1.011,1.003,1.077,-0.147,0.132,0.046,0.577,-0.149,-0.109,-0.172,-0.212,-0.258,0.594,0.533,0.716,0.630,0.564
6/1/2002,1806.624,0.587,0.351,0.905,0.075,0.218,0.349,0.300,-0.720,-0.619,-0.294,0.235,-0.691,-0.933,-0.892,-0.892,-0.821,-0.294,-0.732,-0.738,-0.955,0.193
7/1/2002,1526.688,0.354,0.983,0.785,-0.395,-0.379,-0.092,-0.259,-0.906,-0.911,-0.413,0.026,-0.560,-0.570,-0.635,-0.579,-0.589,0.127,-0.334,-0.199,-0.474,0.299
8/1/2002,1382.054,0.444,0.611,0.206,-0.524,-0.480,-0.341,-0.424,-0.797,-0.794,-0.600,-0.327,-0.599,-0.096,-0.249,-0.166,-0.228,0.363,0.042,0.188,-0.050,0.318
9/1/2002,746.496,-0.254,0.419,-0.511,-0.350,-0.428,-0.346,-0.420,-0.149,-0.257,-0.120,-0.164,-0.130,0.522,0.419,0.472,0.419,0.350,0.522,0.495,0.535,-0.090
10/1/2002,779.414,-0.596,-0.426,-0.353,-0.408,-0.511,-0.425,-0.474,0.233,0.049,-0.118,-0.254,0.208,0.597,0.632,0.594,0.650,0.298,0.565,0.393,0.521,-0.086
11/1/2002,852.768,-0.426,-0.383,-0.112,0.143,0.083,-0.012,0.005,0.578,0.507,0.269,-0.023,0.671,0.289,0.309,0.184,0.211,0.107,0.278,0.170,0.176,-0.095
12/1/2002,717.811,-0.162,-0.285,-0.185,-0.117,-0.189,-0.509,-0.456,0.972,0.724,0.156,-0.488,1.157,0.459,0.426,0.314,0.335,0.261,0.366,0.399,0.233,0.173
1/1/2003,409.795,-0.593,-0.465,-0.593,-1.240,-1.108,-1.125,-1.080,-0.782,-0.701,-1.216,-1.185,-1.020,0.689,0.661,0.456,0.509,0.813,0.896,0.884,0.602,0.912
2/1/2003,449.971,-0.908,-0.874,-0.643,-0.745,-0.503,-0.729,-0.564,-0.708,-0.373,-0.980,-0.946,-1.009,0.660,0.617,0.608,0.594,0.689,0.711,0.848,0.804,0.643
3/1/2003,621.389,-0.539,-0.821,-0.182,-0.008,0.180,-0.169,0.045,0.058,0.373,-0.410,-0.442,-0.334,0.796,0.682,0.797,0.711,0.678,0.522,0.648,0.565,0.731
4/1/2003,824.256,-0.092,-0.593,0.169,0.462,0.643,0.465,0.626,0.096,0.312,-0.109,0.046,-0.003,0.374,0.235,0.367,0.249,0.072,-0.142,-0.267,-0.413,0.159
5/1/2003,1304.381,0.351,-0.323,0.512,1.081,1.191,1.324,1.320,0.261,0.273,0.566,1.042,0.480,-0.428,-0.467,-0.479,-0.521,0.785,0.766,0.993,0.970,0.688
6/1/2003,964.224,0.983,0.315,0.905,0.356,0.466,0.601,0.577,-0.045,-0.125,0.217,0.585,0.221,-0.855,-0.861,-0.918,-0.921,-0.344,-0.587,-0.712,-0.893,-0.243
7/1/2003,1218.672,0.611,-0.137,0.785,-0.240,-0.322,-0.035,-0.226,-0.557,-0.703,-0.139,0.123,-0.258,-0.572,-0.649,-0.559,-0.597,-0.080,-0.450,-0.288,-0.462,0.062
8/1/2003,814.234,0.419,0.201,0.206,-0.337,-0.391,-0.238,-0.358,-0.396,-0.504,-0.116,-0.015,-0.180,0.072,-0.079,0.009,-0.084,0.259,0.176,0.248,0.179,0.023
9/1/2003,743.904,-0.426,-0.336,-0.511,-0.296,-0.372,-0.298,-0.350,-0.015,-0.134,-0.066,-0.115,-0.052,0.355,0.276,0.335,0.275,0.258,0.371,0.347,0.409,-0.009
10/1/2003,1020.470,-0.383,-0.430,-0.353,0.373,0.071,0.090,-0.012,0.819,0.676,0.925,0.499,0.729,0.246,0.416,0.426,0.492,-0.354,0.026,-0.160,0.226,-0.469
11/1/2003,857.952,-0.285,-0.062,-0.112,0.415,0.181,0.134,0.071,0.831,0.726,0.672,0.390,0.537,0.084,0.227,0.181,0.263,-0.384,-0.103,-0.296,-0.055,-0.431
12/1/2003,865.123,-0.465,-0.278,-0.185,-0.325,-0.219,-0.340,-0.219,0.142,0.176,-0.378,-0.445,-0.052,0.231,0.261,0.129,0.169,0.013,0.167,0.056,-0.047,-0.048
1/1/2004,666.922,-0.874,-0.269,-0.593,-0.555,-0.484,-0.659,-0.542,0.045,0.014,-0.559,-0.776,-0.118,0.152,0.200,0.141,0.182,-0.144,-0.060,0.062,0.003,0.046
2/1/2004,388.368,-0.821,-0.532,-0.643,-0.944,-0.831,-0.945,-0.882,-0.439,-0.336,-0.929,-1.003,-0.725,0.633,0.654,0.567,0.621,0.392,0.537,0.693,0.607,0.420
3/1/2004,516.931,-0.593,-0.903,-0.182,-0.097,0.179,-0.074,0.153,-0.345,0.043,-0.639,-0.502,-0.527,0.614,0.423,0.485,0.357,0.602,0.599,0.507,0.429,0.436
4/1/2004,1036.800,-0.323,-0.732,0.169,0.248,0.302,0.327,0.381,-0.075,0.141,-0.039,0.161,-0.291,0.350,0.271,0.298,0.237,0.159,0.010,-0.132,-0.282,0.199
5/1/2004,1162.426,0.315,-0.040,0.512,1.095,1.175,1.282,1.320,0.378,0.449,0.725,1.099,0.498,-0.276,-0.326,-0.359,-0.411,0.890,0.739,0.976,0.707,0.756
6/1/2004,1788.480,-0.137,0.127,0.905,0.220,0.392,0.606,0.551,-0.575,-0.589,-0.080,0.519,-0.213,-1.093,-1.117,-1.143,-1.120,-0.363,-0.866,-0.777,-1.090,-0.038
7/1/2004,1221.350,0.201,0.959,0.785,-0.299,-0.278,-0.034,-0.165,-0.622,-0.740,-0.289,0.071,-0.354,-0.785,-0.867,-0.824,-0.858,-0.227,-0.603,-0.513,-0.709,-0.065
8/1/2004,1363.306,-0.336,0.205,0.206,-0.525,-0.504,-0.348,-0.442,-0.747,-0.775,-0.533,-0.303,-0.583,-0.061,-0.240,-0.145,-0.221,0.368,0.038,0.290,0.052,0.289
9/1/2004,751.680,-0.430,0.394,-0.511,-0.096,-0.250,-0.186,-0.261,0.299,0.072,0.240,0.058,0.328,0.333,0.300,0.359,0.330,0.020,0.256,0.157,0.328,-0.299
10/1/2004,782.093,-0.062,-0.420,-0.353,0.286,0.033,0.021,-0.047,0.718,0.587,0.876,0.425,0.701,0.269,0.462,0.451,0.536,-0.364,0.043,-0.181,0.203,-0.529
11/1/2004,987.552,-0.278,-0.379,-0.112,0.163,-0.030,-0.031,-0.058,0.720,0.597,0.552,0.174,0.757,0.262,0.418,0.393,0.473,-0.251,0.078,-0.118,0.202,-0.395
12/1/2004,873.158,-0.269,-0.106,-0.185,0.131,0.104,-0.151,-0.068,0.646,0.651,0.289,-0.204,1.019,0.293,0.305,0.259,0.269,-0.157,0.069,0.071,0.151,-0.312
1/1/2005,575.856,-0.532,-0.258,-0.593,-0.168,-0.128,-0.379,-0.290,0.509,0.440,-0.330,-0.563,0.399,0.362,0.362,0.283,0.293,0.029,0.186,0.286,0.242,0.023
2/1/2005,832.205,-0.903,-0.653,-0.643,-0.079,-0.085,-0.338,-0.256,0.030,0.112,-0.114,-0.398,-0.168,0.348,0.354,0.472,0.446,-0.058,0.062,0.361,0.475,0.027
3/1/2005,865.123,-0.732,-0.312,-0.182,0.296,0.326,0.218,0.320,-0.155,0.105,-0.016,-0.002,-0.513,0.615,0.590,0.758,0.677,0.668,0.606,0.517,0.456,0.541
4/1/2005,1303.776,-0.040,-0.269,0.169,0.643,0.672,0.716,0.727,0.142,0.277,0.327,0.603,0.125,0.379,0.307,0.359,0.285,0.223,0.181,-0.003,-0.064,0.257
5/1/2005,1116.893,0.127,0.315,0.512,0.813,0.748,0.826,0.768,0.583,0.537,0.839,0.933,0.714,-0.054,-0.069,-0.089,-0.118,0.281,0.418,0.606,0.828,0.176
6/1/2005,1270.080,0.959,0.066,0.905,-0.244,-0.092,0.028,0.026,-0.583,-0.663,-0.360,-0.062,-0.204,-0.680,-0.796,-0.762,-0.832,0.072,-0.404,-0.203,-0.479,0.385
7/1/2005,1143.677,0.205,0.270,0.785,-0.624,-0.603,-0.391,-0.490,-0.855,-0.941,-0.548,-0.334,-0.611,-0.594,-0.672,-0.587,-0.609,0.009,-0.413,-0.239,-0.422,0.281
8/1/2005,1232.064,0.394,0.102,0.206,-0.478,-0.571,-0.390,-0.509,-0.354,-0.556,-0.254,-0.197,-0.109,0.179,0.077,0.203,0.153,0.297,0.200,0.359,0.370,0.144
9/1/2005,857.952,-0.420,0.219,-0.511,-0.402,-0.491,-0.412,-0.468,-0.110,-0.229,-0.134,-0.235,-0.121,0.680,0.609,0.683,0.647,0.388,0.603,0.615,0.730,-0.056
10/1/2005,934.762,-0.379,-0.278,-0.353,0.181,-0.043,-0.010,-0.061,0.620,0.464,0.632,0.305,0.446,0.262,0.471,0.492,0.578,-0.445,-0.019,-0.238,0.219,-0.587
11/1/2005,1054.944,-0.106,-0.176,-0.112,0.331,0.153,0.119,0.103,0.373,0.441,0.546,0.289,0.146,0.025,0.220,0.199,0.282,-0.703,-0.318,-0.432,-0.039,-0.799
12/1/2005,1202.602,-0.258,-0.016,-0.185,-0.091,-0.077,-0.203,-0.091,0.140,0.136,-0.063,-0.333,0.006,-0.071,0.063,0.033,0.069,-0.834,-0.541,-0.422,-0.134,-0.849
1/1/2006,996.365,-0.653,0.180,-0.593,-0.234,-0.139,-0.296,-0.128,0.244,0.190,-0.108,-0.407,0.382,-0.221,-0.120,-0.122,-0.092,-0.688,-0.570,-0.433,-0.264,-0.552
2/1/2006,708.826,-0.312,-0.094,-0.643,0.227,0.220,0.054,0.132,0.150,0.333,0.136,-0.046,-0.119,-0.193,-0.128,-0.073,-0.086,-0.457,-0.374,-0.271,-0.092,-0.288
3/1/2006,1424.909,-0.269,-0.477,-0.182,0.167,0.275,-0.004,0.129,0.028,0.330,-0.165,-0.235,-0.203,0.631,0.560,0.606,0.563,0.135,0.141,0.013,-0.003,-0.015
4/1/2006,1443.744,0.315,0.476,0.169,0.638,0.562,0.537,0.490,0.397,0.547,0.416,0.420,0.183,-0.011,-0.033,-0.018,-0.034,-0.018,-0.234,-0.390,-0.530,0.055
5/1/2006,1103.501,0.066,0.501,0.512,0.787,0.898,0.919,0.894,0.126,0.326,0.449,0.805,0.134,-0.563,-0.576,-0.608,-0.622,0.465,0.528,0.697,0.658,0.286
6/1/2006,1692.576,0.270,0.048,0.905,0.267,0.297,0.525,0.406,-0.282,-0.331,0.128,0.560,-0.158,-0.835,-0.834,-0.850,-0.845,-0.291,-0.630,-0.609,-0.788,-0.036
7/1/2006,1446.336,0.102,0.831,0.785,-0.388,-0.314,-0.093,-0.206,-0.920,-0.897,-0.556,-0.094,-0.681,-0.534,-0.593,-0.505,-0.511,0.132,-0.343,-0.167,-0.434,0.370
8/1/2006,1001.722,0.219,0.504,0.206,-0.424,-0.429,-0.259,-0.348,-0.442,-0.576,-0.307,-0.116,-0.216,0.114,-0.056,0.066,-0.044,0.408,0.215,0.364,0.254,0.278
9/1/2006,710.208,-0.278,-0.087,-0.511,-0.220,-0.324,-0.254,-0.310,0.184,-0.039,0.015,-0.077,0.201,0.506,0.464,0.505,0.484,0.336,0.517,0.409,0.476,0.010
10/1/2006,808.877,-0.176,-0.475,-0.353,0.228,-0.014,0.074,-0.023,0.634,0.437,0.670,0.439,0.522,0.277,0.426,0.422,0.501,-0.125,0.155,-0.076,0.202,-0.225
11/1/2006,1249.344,-0.016,-0.344,-0.112,0.586,0.368,0.379,0.324,0.993,0.854,1.033,0.705,0.926,0.018,0.174,0.099,0.185,-0.376,-0.133,-0.342,-0.103,-0.367
12/1/2006,1258.848,0.180,0.242,-0.185,-0.068,0.002,-0.262,-0.088,0.681,0.633,0.097,-0.350,1.030,0.436,0.436,0.333,0.335,0.142,0.307,0.331,0.273,0.007
1/1/2007,567.821,-0.094,0.255,-0.593,-0.875,-0.608,-0.796,-0.596,-0.496,-0.274,-1.025,-1.014,-0.604,0.502,0.418,0.281,0.290,0.615,0.583,0.605,0.195,0.664
2/1/2007,394.330,-0.477,-0.664,-0.643,-0.805,-0.719,-0.829,-0.780,-0.505,-0.316,-0.877,-0.921,-1.014,0.422,0.499,0.395,0.478,0.344,0.503,0.516,0.479,0.467
3/1/2007,715.133,0.476,-0.895,-0.182,0.176,0.432,0.149,0.410,-0.022,0.341,-0.276,-0.211,-0.302,0.300,0.207,0.214,0.170,0.462,0.408,0.288,0.203,0.364
4/1/2007,1236.384,0.501,-0.468,0.169,0.505,0.516,0.454,0.472,0.243,0.380,0.210,0.300,0.201,0.160,0.125,0.119,0.094,0.067,-0.068,-0.170,-0.244,0.114
5/1/2007,1414.195,0.048,0.225,0.512,1.028,1.007,1.109,1.056,0.637,0.616,0.823,1.059,0.751,-0.304,-0.324,-0.328,-0.361,0.581,0.459,0.559,0.348,0.475
6/1/2007,2039.904,0.831,0.461,0.905,0.021,0.069,0.247,0.155,-0.349,-0.447,0.004,0.335,-0.153,-0.749,-0.775,-0.773,-0.773,-0.221,-0.533,-0.497,-0.683,-0.070
7/1/2007,1151.712,0.504,1.293,0.785,-0.660,-0.668,-0.390,-0.538,-0.991,-1.070,-0.613,-0.298,-0.731,-0.723,-0.798,-0.672,-0.700,-0.095,-0.586,-0.331,-0.508,0.229
8/1/2007,1124.928,-0.087,0.112,0.206,-0.355,-0.414,-0.273,-0.362,-0.243,-0.451,-0.091,-0.081,0.027,-0.122,-0.255,-0.159,-0.242,0.007,-0.106,0.046,0.045,-0.153
9/1/2007,780.192,-0.475,0.077,-0.511,-0.267,-0.362,-0.288,-0.349,0.097,-0.099,0.026,-0.072,0.125,0.458,0.350,0.388,0.323,0.233,0.436,0.397,0.461,-0.207
10/1/2007,1309.738,-0.344,-0.382,-0.353,0.279,0.020,0.128,0.040,0.534,0.370,0.867,0.535,0.545,-0.116,0.086,0.054,0.152,-0.668,-0.309,-0.588,-0.221,-0.744
11/1/2007,1363.392,0.242,0.322,-0.112,0.440,0.258,0.248,0.214,0.396,0.461,0.693,0.446,0.222,-0.290,-0.060,-0.091,0.015,-1.009,-0.659,-0.773,-0.340,-0.994
12/1/2007,1315.094,0.255,0.394,-0.185,-0.162,-0.118,-0.270,-0.114,0.247,0.190,0.030,-0.373,0.373,-0.329,-0.179,-0.208,-0.170,-1.049,-0.807,-0.738,-0.454,-0.991
1/1/2008,806.198,-0.664,0.330,-0.593,0.119,0.102,-0.147,-0.057,0.471,0.362,0.092,-0.350,0.484,-0.473,-0.372,-0.443,-0.397,-1.045,-0.919,-0.718,-0.635,-0.920
2/1/2008,984.701,-0.895,-0.347,-0.643,-0.382,-0.328,-0.522,-0.456,-0.138,-0.047,-0.483,-0.651,-0.454,-0.230,-0.119,-0.100,-0.041,-0.501,-0.439,-0.324,-0.189,-0.362
3/1/2008,1149.034,-0.468,-0.110,-0.182,0.511,0.586,0.271,0.417,0.706,0.837,0.348,0.089,0.557,-0.248,-0.227,-0.172,-0.194,-0.253,-0.311,-0.411,-0.335,-0.066
4/1/2008,1075.680,0.225,0.109,0.169,0.873,0.892,0.739,0.820,0.495,0.713,0.672,0.634,0.214,-0.304,-0.257,-0.223,-0.217,-0.239,-0.459,-0.646,-0.742,0.040
5/1/2008,1427.587,0.461,0.011,0.512,0.862,0.919,1.001,0.990,0.389,0.413,0.724,1.008,0.431,-0.705,-0.669,-0.724,-0.707,-0.515,-0.500,-0.311,-0.160,-0.378
6/1/2008,1614.816,1.293,0.479,0.905,0.638,0.685,0.898,0.820,0.150,-0.036,0.491,0.906,0.477,-0.936,-0.959,-1.002,-1.015,-0.395,-0.731,-0.701,-0.897,-0.088
7/1/2008,1941.840,0.112,0.728,0.785,-0.524,-0.496,-0.236,-0.334,-0.649,-0.855,-0.485,-0.197,-0.258,-0.923,-0.957,-0.888,-0.879,-0.260,-0.731,-0.604,-0.778,0.079
8/1/2008,1009.757,0.077,1.163,0.206,-0.152,-0.237,-0.111,-0.203,0.141,-0.156,0.143,0.117,0.331,0.032,-0.064,-0.002,-0.074,0.055,0.092,0.029,0.084,-0.121
9/1/2008,873.504,-0.382,-0.076,-0.511,-0.179,-0.272,-0.236,-0.275,0.290,0.070,0.154,-0.021,0.332,0.422,0.412,0.488,0.452,0.074,0.321,0.234,0.467,-0.185
10/1/2008,980.294,0.322,-0.258,-0.353,0.263,0.006,0.098,0.029,0.725,0.457,0.795,0.451,0.736,0.109,0.322,0.330,0.426,-0.459,-0.119,-0.337,0.073,-0.491
11/1/2008,1365.984,0.394,-0.116,-0.112,0.486,0.215,0.208,0.159,0.779,0.582,1.035,0.489,1.082,-0.009,0.236,0.235,0.347,-0.629,-0.277,-0.519,-0.056,-0.606
12/1/2008,1400.803,0.330,0.397,-0.185,0.095,0.097,-0.161,-0.023,0.667,0.576,0.201,-0.280,0.714,0.081,0.156,0.098,0.122,-0.585,-0.333,-0.207,-0.065,-0.629
1/1/2009,1333.843,-0.347,0.444,-0.593,0.265,0.360,0.147,0.301,0.432,0.491,0.076,-0.103,0.419,-0.360,-0.321,-0.362,-0.371,-0.657,-0.568,-0.477,-0.417,-0.599
2/1/2009,1107.994,-0.110,0.354,-0.643,-0.139,-0.002,-0.259,-0.102,0.118,0.266,-0.324,-0.487,-0.083,0.015,-0.025,-0.014,-0.050,-0.104,-0.101,0.113,0.068,-0.084
3/1/2009,1371.341,0.109,0.054,-0.182,-0.013,0.175,-0.057,0.126,-0.050,0.251,-0.337,-0.348,-0.160,0.458,0.359,0.354,0.302,0.217,0.167,0.190,0.195,0.211
4/1/2009,1124.928,0.011,0.404,0.169,0.654,0.856,0.538,0.710,0.156,0.550,0.183,0.235,-0.130,0.132,0.063,0.159,0.083,0.068,-0.179,-0.279,-0.445,0.256
5/1/2009,924.048,0.479,0.077,0.512,1.046,1.212,1.296,1.284,0.060,0.249,0.550,1.078,0.168,-0.478,-0.538,-0.557,-0.608,0.527,0.532,0.615,0.474,0.362
6/1/2009,1267.488,0.728,-0.190,0.905,0.511,0.641,0.876,0.830,-0.236,-0.284,0.170,0.751,0.048,-0.773,-0.831,-0.874,-0.917,-0.122,-0.503,-0.475,-0.724,0.142
7/1/2009,1540.080,1.163,0.266,0.785,-0.405,-0.319,-0.060,-0.169,-1.053,-1.025,-0.562,-0.033,-0.808,-0.839,-0.899,-0.831,-0.837,-0.038,-0.609,-0.390,-0.709,0.418
8/1/2009,1221.350,-0.076,0.629,0.206,-0.406,-0.349,-0.220,-0.293,-0.647,-0.674,-0.481,-0.207,-0.423,0.065,-0.109,0.031,-0.068,0.537,0.217,0.444,0.235,0.523
9/1/2009,689.472,-0.258,0.205,-0.511,-0.521,-0.550,-0.465,-0.524,-0.278,-0.372,-0.430,-0.393,-0.275,0.790,0.598,0.684,0.598,0.860,0.885,0.962,0.852,0.424
10/1/2009,704.419,-0.116,-0.502,-0.353,-0.051,-0.206,-0.169,-0.202,0.441,0.293,0.359,0.099,0.475,0.587,0.675,0.676,0.722,0.162,0.475,0.312,0.554,-0.084
11/1/2009,554.688,0.397,-0.482,-0.112,-0.028,-0.124,-0.152,-0.126,0.346,0.308,0.210,-0.063,0.383,0.498,0.603,0.540,0.597,0.070,0.347,0.191,0.391,-0.097
12/1/2009,412.474,0.444,-0.681,-0.185,-0.354,-0.247,-0.529,-0.400,0.453,0.535,-0.370,-0.651,0.542,0.643,0.622,0.525,0.524,0.253,0.446,0.524,0.495,0.041
1/1/2010,241.056,0.354,-0.871,-0.593,-1.026,-0.866,-0.944,-0.842,-0.658,-0.554,-1.066,-1.056,-0.740,0.588,0.588,0.385,0.456,0.659,0.774,0.693,0.372,0.671
2/1/2010,304.819,0.054,-1.098,-0.643,-0.466,-0.282,-0.488,-0.325,-0.436,-0.153,-0.711,-0.682,-0.793,1.021,0.927,0.947,0.895,1.013,1.087,1.249,1.132,0.864
3/1/2010,458.006,0.404,-1.014,-0.182,0.163,0.171,0.034,0.126,0.269,0.337,0.069,-0.007,0.152,1.070,1.006,1.132,1.062,0.900,0.888,0.763,0.750,0.826
4/1/2010,1124.928,0.077,-0.810,0.169,0.410,0.453,0.343,0.406,0.201,0.368,0.177,0.292,0.218,0.671,0.604,0.678,0.611,0.607,0.480,0.365,0.247,0.691
5/1/2010,1197.245,-0.190,0.077,0.512,1.007,1.019,1.052,0.991,0.364,0.465,0.932,1.254,0.649,0.210,0.151,0.161,0.109,0.958,1.094,1.176,1.255,0.827
6/1/2010,1179.360,0.266,0.173,0.905,0.115,0.147,0.284,0.236,-0.098,-0.243,0.120,0.327,0.292,-0.447,-0.508,-0.432,-0.489,0.088,-0.230,-0.158,-0.258,0.313
7/1/2010,1387.411,0.629,0.149,0.785,-0.182,-0.290,-0.095,-0.235,-0.068,-0.318,0.036,0.100,0.190,-0.455,-0.476,-0.424,-0.433,-0.107,-0.297,-0.286,-0.331,-0.034
8/1/2010,811.555,0.205,0.426,0.206,-0.245,-0.398,-0.260,-0.365,0.155,-0.174,0.162,0.032,0.332,0.078,0.097,0.151,0.137,-0.076,0.073,-0.082,0.120,-0.234
9/1/2010,557.280,-0.502,-0.340,-0.511,0.154,-0.113,0.032,-0.091,0.439,0.165,0.751,0.457,0.509,0.180,0.399,0.430,0.516,-0.510,-0.045,-0.324,0.156,-0.641
10/1/2010,599.962,-0.482,-0.678,-0.353,0.038,-0.163,-0.030,-0.088,0.167,0.082,0.522,0.309,0.056,0.065,0.321,0.326,0.436,-0.687,-0.255,-0.460,0.011,-0.734
11/1/2010,1381.536,-0.681,-0.621,-0.112,0.172,0.017,0.213,0.196,0.098,0.018,0.551,0.415,-0.015,-0.380,-0.080,-0.095,0.027,-1.194,-0.826,-1.005,-0.457,-1.056
12/1/2010,1076.717,-0.871,0.418,-0.185,0.015,-0.033,-0.138,-0.015,0.222,0.087,0.244,-0.157,0.261,-0.391,-0.159,-0.122,-0.046,-1.284,-0.969,-0.945,-0.449,-1.167
1/1/2011,653.530,-1.098,0.013,-0.593,-0.202,-0.129,-0.393,-0.255,0.237,0.194,-0.247,-0.578,0.065,-0.247,-0.123,-0.206,-0.151,-0.903,-0.724,-0.532,-0.394,-0.814
2/1/2011,667.699,-1.014,-0.550,-0.643,-0.380,-0.324,-0.530,-0.469,0.041,0.150,-0.444,-0.636,-0.327,0.090,0.103,0.129,0.111,-0.286,-0.190,0.062,0.145,-0.189
3/1/2011,1140.998,-0.810,-0.531,-0.182,0.682,0.571,0.462,0.482,0.939,0.936,0.889,0.564,0.882,-0.286,-0.159,-0.179,-0.111,0.055,0.023,-0.055,-0.037,0.054
4/1/2011,1700.352,0.077,0.098,0.169,1.039,0.978,0.918,0.872,0.553,0.772,0.706,0.811,0.220,-0.089,-0.099,-0.065,-0.095,0.104,-0.065,-0.161,-0.267,0.263
5/1/2011,1982.016,0.173,0.842,0.512,0.885,0.937,0.997,0.977,0.537,0.568,0.645,0.948,0.592,-0.314,-0.346,-0.349,-0.383,-0.413,-0.368,-0.468,-0.350,-0.212
6/1/2011,1485.216,0.149,1.216,0.905,0.075,0.099,0.294,0.211,-0.339,-0.457,0.004,0.311,-0.084,-0.685,-0.733,-0.745,-0.754,-0.037,-0.417,-0.374,-0.614,0.231
7/1/2011,1706.141,0.426,0.556,0.785,-0.479,-0.421,-0.179,-0.273,-0.794,-0.894,-0.454,-0.119,-0.492,-0.640,-0.751,-0.648,-0.720,0.000,-0.476,-0.244,-0.426,0.306
8/1/2011,808.877,-0.340,0.849,0.206,-0.270,-0.347,-0.189,-0.307,-0.235,-0.381,-0.049,0.023,-0.066,0.179,0.065,0.168,0.097,0.271,0.214,0.318,0.304,0.103
9/1/2011,925.344,-0.678,-0.344,-0.511,-0.206,-0.336,-0.271,-0.329,0.298,0.081,0.194,0.001,0.326,0.384,0.411,0.472,0.464,-0.048,0.247,0.152,0.425,-0.314
10/1/2011,929.405,-0.621,-0.189,-0.353,0.166,-0.039,0.116,0.059,0.269,0.130,0.635,0.458,0.214,-0.119,0.136,0.116,0.233,-0.776,-0.405,-0.665,-0.222,-0.755
11/1/2011,1464.480,0.418,-0.183,-0.112,0.532,0.230,0.342,0.180,0.407,0.393,1.122,0.851,0.463,-0.228,0.013,-0.067,0.071,-0.846,-0.509,-0.713,-0.380,-0.814
12/1/2011,1807.920,0.013,0.528,-0.185,0.326,0.294,0.110,0.218,0.431,0.450,0.419,0.075,0.443,-0.141,0.013,-0.047,0.033,-0.855,-0.591,-0.523,-0.309,-0.838
1/1/2012,1312.416,-0.550,0.985,-0.593,0.093,0.119,-0.115,-0.013,0.409,0.364,-0.038,-0.351,0.164,-0.257,-0.192,-0.332,-0.273,-0.593,-0.497,-0.389,-0.482,-0.508
2/1/2012,1037.318,-0.531,0.326,-0.643,0.101,0.259,0.022,0.189,-0.034,0.211,-0.119,-0.193,-0.212,-0.152,-0.137,-0.062,-0.107,-0.480,-0.482,-0.277,-0.125,-0.377
3/1/2012,1497.226,0.098,-0.040,-0.182,-0.124,0.187,-0.020,0.223,-0.362,-0.032,-0.562,-0.413,-0.468,0.111,0.039,-0.021,-0.047,0.199,0.087,-0.055,-0.118,0.326
4/1/2012,1583.712,0.842,0.572,0.169,0.583,0.686,0.564,0.652,0.120,0.380,0.198,0.359,-0.082,-0.110,-0.129,-0.146,-0.173,0.128,-0.123,-0.147,-0.361,0.356
5/1/2012,1199.923,1.216,0.687,0.512,1.000,1.059,1.208,1.192,0.285,0.301,0.661,1.064,0.434,-0.403,-0.464,-0.506,-0.552,0.501,0.275,0.370,0.120,0.657
6/1/2012,1140.480,0.556,0.176,0.905,0.216,0.339,0.589,0.482,-0.576,-0.609,-0.064,0.545,-0.237,-0.695,-0.778,-0.775,-0.823,0.012,-0.451,-0.300,-0.602,0.372
7/1/2012,1167.782,0.849,0.097,0.785,-0.612,-0.583,-0.288,-0.412,-0.920,-1.032,-0.586,-0.207,-0.541,-0.755,-0.832,-0.726,-0.760,-0.045,-0.568,-0.343,-0.544,0.335
8/1/2012,1074.038,-0.344,0.134,0.206,-0.530,-0.562,-0.401,-0.496,-0.482,-0.637,-0.377,-0.293,-0.168,0.070,-0.065,0.043,-0.013,0.347,0.148,0.295,0.194,0.257
9/1/2012,723.168,-0.189,0.009,-0.511,-0.606,-0.649,-0.551,-0.614,-0.265,-0.403,-0.408,-0.411,-0.191,0.567,0.428,0.488,0.453,0.587,0.611,0.687,0.594,0.232
10/1/2012,875.837,-0.183,-0.457,-0.353,0.130,-0.089,-0.020,-0.073,0.613,0.422,0.642,0.329,0.692,0.315,0.461,0.444,0.515,-0.206,0.147,-0.054,0.265,-0.380
11/1/2012,668.736,0.528,-0.254,-0.112,0.264,0.076,0.086,0.062,0.500,0.471,0.710,0.355,0.550,0.274,0.456,0.423,0.508,-0.367,0.032,-0.170,0.221,-0.509
12/1/2012,806.198,0.985,-0.530,-0.185,0.112,0.044,-0.031,0.066,0.301,0.273,0.263,-0.063,0.331,0.132,0.223,0.182,0.191,-0.492,-0.191,-0.195,0.060,-0.595
1/1/2013,369.619,0.326,-0.347,-0.593,-0.640,-0.522,-0.741,-0.632,0.142,0.151,-0.626,-0.835,0.009,0.363,0.354,0.246,0.279,0.129,0.209,0.343,0.179,0.069
2/1/2013,829.786,-0.040,-0.928,-0.643,0.060,0.090,-0.173,-0.071,0.223,0.291,-0.085,-0.303,-0.090,0.026,0.082,0.117,0.140,-0.165,-0.121,-0.011,0.101,-0.069
3/1/2013,886.550,0.572,-0.316,-0.182,0.320,0.384,0.074,0.215,0.424,0.610,0.039,-0.129,0.139,0.991,0.920,0.978,0.918,0.728,0.699,0.763,0.663,0.494
4/1/2013,759.456,0.687,-0.240,0.169,0.410,0.495,0.364,0.450,0.278,0.399,0.101,0.155,0.261,0.534,0.409,0.502,0.401,0.392,0.269,0.080,-0.067,0.355
5/1/2013,1132.963,0.176,-0.409,0.512,0.973,0.993,1.062,1.018,0.446,0.450,0.730,1.024,0.656,-0.048,-0.105,-0.139,-0.181,0.691,0.854,1.093,1.098,0.452
6/1/2013,1078.272,0.097,0.087,0.905,0.112,0.308,0.436,0.417,-0.678,-0.618,-0.171,0.364,-0.430,-0.909,-0.919,-0.918,-0.906,-0.213,-0.669,-0.578,-0.806,0.139
7/1/2013,1746.317,0.134,0.015,0.785,-0.121,-0.071,0.087,0.005,-0.450,-0.499,-0.209,0.108,-0.267,-0.750,-0.781,-0.731,-0.730,-0.244,-0.583,-0.511,-0.680,-0.100
8/1/2013,1312.416,0.009,0.903,0.206,-0.134,-0.221,-0.088,-0.198,-0.075,-0.213,0.077,0.126,0.065,0.070,-0.053,0.044,-0.054,0.091,0.123,0.137,0.157,-0.213
9/1/2013,863.136,-0.457,0.326,-0.511,-0.263,-0.377,-0.314,-0.381,0.064,-0.084,0.011,-0.087,0.018,0.405,0.364,0.419,0.387,0.101,0.324,0.282,0.440,-0.238
10/1/2013,798.163,-0.254,-0.271,-0.353,0.180,-0.074,-0.029,-0.109,0.576,0.377,0.548,0.264,0.452,0.389,0.519,0.547,0.613,-0.189,0.182,0.062,0.392,-0.400
11/1/2013,850.176,-0.530,-0.358,-0.112,0.335,0.104,0.176,0.118,0.361,0.323,0.742,0.509,0.237,-0.041,0.169,0.104,0.203,-0.640,-0.336,-0.520,-0.206,-0.625
12/1/2013,1138.320,-0.347,-0.289,-0.185,0.283,0.144,0.009,0.017,0.852,0.679,0.556,0.072,1.072,0.291,0.353,0.238,0.279,-0.207,0.064,0.015,0.074,-0.354
1/1/2014,704.419,-0.928,0.095,-0.593,-0.364,-0.199,-0.487,-0.328,0.129,0.298,-0.488,-0.681,0.211,0.308,0.281,0.190,0.187,0.108,0.182,0.245,0.138,0.012
2/1/2014,570.931,-0.316,-0.482,-0.643,-0.395,-0.212,-0.494,-0.330,-0.050,0.156,-0.562,-0.669,-0.239,0.123,0.107,0.152,0.138,0.084,0.023,0.224,0.272,0.070
3/1/2014,1333.843,-0.240,-0.660,-0.182,0.960,0.938,0.621,0.706,0.615,0.891,0.521,0.397,0.037,0.130,0.146,0.206,0.188,0.902,0.652,0.828,0.621,0.940
4/1/2014,1018.656,-0.409,0.354,0.169,0.126,0.439,0.240,0.453,-0.388,-0.080,-0.526,-0.246,-0.419,0.493,0.333,0.452,0.345,0.306,0.149,0.075,-0.053,0.377
5/1/2014,1411.517,0.087,-0.065,0.512,1.189,1.255,1.305,1.267,0.470,0.547,0.657,1.105,0.492,-0.136,-0.181,-0.187,-0.231,0.087,0.117,0.084,0.154,0.157
6/1/2014,1638.144,0.015,0.458,0.905,0.641,0.637,0.919,0.766,-0.274,-0.281,0.390,0.970,0.028,-0.485,-0.532,-0.565,-0.572,0.161,-0.208,-0.189,-0.488,0.461
7/1/2014,1773.101,0.903,0.759,0.785,-0.196,-0.141,0.124,-0.024,-0.893,-0.873,-0.381,0.177,-0.541,-0.609,-0.646,-0.570,-0.548,0.152,-0.399,-0.243,-0.556,0.583
8/1/2014,1443.658,0.326,0.939,0.206,-0.361,-0.310,-0.176,-0.249,-0.606,-0.669,-0.442,-0.182,-0.295,-0.039,-0.213,-0.105,-0.179,0.461,0.109,0.316,0.066,0.515
9/1/2014,886.464,-0.271,0.500,-0.511,-0.482,-0.582,-0.436,-0.531,-0.079,-0.297,-0.235,-0.238,0.010,0.686,0.574,0.656,0.614,0.521,0.637,0.701,0.728,0.181
10/1/2014,977.616,-0.358,-0.240,-0.353,0.145,-0.049,-0.025,-0.088,0.625,0.452,0.492,0.243,0.744,0.393,0.437,0.439,0.477,0.164,0.357,0.198,0.341,-0.046
11/1/2014,966.816,-0.289,-0.119,-0.112,0.361,0.159,0.091,0.065,0.760,0.704,0.823,0.398,0.816,0.345,0.487,0.479,0.550,-0.208,0.124,-0.010,0.311,-0.336
12/1/2014,865.123,0.095,-0.134,-0.185,-0.392,-0.338,-0.449,-0.358,0.188,0.182,-0.254,-0.497,0.468,0.582,0.571,0.430,0.451,0.303,0.510,0.449,0.381,0.025
1/1/2015,524.966,-0.482,-0.269,-0.593,-1.049,-0.848,-0.891,-0.795,-0.726,-0.563,-1.171,-1.052,-0.951,0.200,0.207,-0.036,0.059,0.684,0.593,0.178,-0.196,0.858
2/1/2015,805.594,-0.660,-0.721,-0.643,-0.589,-0.375,-0.522,-0.373,-0.415,-0.204,-0.801,-0.755,-0.552,0.484,0.438,0.398,0.399,0.566,0.515,0.629,0.424,0.579
3/1/2015,862.445,0.354,-0.348,-0.182,-0.089,0.030,-0.214,-0.072,0.002,0.236,-0.276,-0.387,-0.139,0.673,0.611,0.615,0.574,0.868,0.738,0.826,0.693,0.774
4/1/2015,977.184,-0.065,-0.272,0.169,0.345,0.534,0.325,0.511,-0.127,0.199,-0.229,-0.069,-0.226,0.575,0.431,0.531,0.429,0.617,0.263,0.476,0.203,0.895
5/1/2015,940.118,0.458,-0.120,0.512,1.449,1.830,1.633,1.884,-0.046,0.308,0.312,0.856,-0.032,0.053,-0.120,-0.075,-0.226,0.787,0.765,0.794,0.696,0.675
6/1/2015,1944.000,0.759,-0.169,0.905,0.042,0.277,0.365,0.357,-0.857,-0.711,-0.477,0.120,-0.674,-0.651,-0.694,-0.685,-0.662,0.267,-0.292,-0.243,-0.590,0.828
7/1/2015,1553.472,0.939,1.166,0.785,-0.272,-0.135,0.118,0.005,-1.131,-0.995,-0.527,0.091,-0.733,-0.408,-0.505,-0.413,-0.443,0.368,-0.208,0.029,-0.323,0.792
8/1/2015,1309.738,0.500,0.647,0.206,-0.699,-0.676,-0.464,-0.572,-1.008,-1.003,-0.732,-0.417,-0.704,0.257,0.112,0.246,0.196,0.840,0.451,0.646,0.397,0.909
9/1/2015,671.328,-0.240,0.322,-0.511,-0.821,-0.861,-0.678,-0.777,-0.656,-0.778,-0.620,-0.518,-0.510,0.895,0.758,0.826,0.820,1.181,1.118,1.097,0.943,0.869
10/1/2015,514.253,-0.119,-0.526,-0.353,-0.457,-0.559,-0.493,-0.521,0.153,-0.056,-0.242,-0.364,0.114,1.064,1.094,1.107,1.170,0.865,1.098,0.974,1.068,0.545
11/1/2015,660.960,-0.134,-0.735,-0.112,-0.183,-0.290,-0.259,-0.269,0.320,0.228,0.159,-0.061,0.356,0.834,0.910,0.865,0.923,0.565,0.829,0.596,0.743,0.332
12/1/2015,391.046,-0.269,-0.540,-0.185,-0.932,-0.759,-0.831,-0.735,-0.528,-0.411,-1.001,-0.952,-0.506,1.181,1.087,0.960,0.959,1.278,1.368,1.249,0.983,1.117
1/1/2016,275.875,-0.721,-0.899,-0.593,-0.896,-0.789,-0.916,-0.836,-0.250,-0.174,-1.003,-1.046,-0.848,0.839,0.886,0.792,0.888,1.084,1.075,0.932,0.733,1.383
2/1/2016,388.368,-0.348,-1.052,-0.643,-1.005,-0.826,-0.946,-0.845,-0.917,-0.634,-1.088,-1.059,-1.259,1.488,1.421,1.380,1.402,1.650,1.714,1.757,1.531,1.618
3/1/2016,736.560,-0.272,-0.903,-0.182,0.252,0.322,0.037,0.182,-0.237,0.095,-0.106,-0.177,-0.323,1.437,1.312,1.494,1.378,1.208,1.156,0.992,0.896,1.026
4/1/2016,1044.576,-0.120,-0.440,0.169,0.568,0.645,0.520,0.608,-0.115,0.176,0.091,0.323,-0.158,0.836,0.736,0.811,0.733,0.608,0.501,0.350,0.224,0.555
5/1/2016,1290.989,-0.169,-0.030,0.512,0.746,0.746,0.860,0.802,0.062,0.144,0.524,0.911,0.267,0.163,0.095,0.104,0.042,1.419,1.536,1.644,1.656,1.074
6/1/2016,1575.936,1.166,0.298,0.905,0.122,0.163,0.315,0.247,-0.264,-0.326,0.016,0.364,-0.088,-0.404,-0.418,-0.393,-0.390,0.104,-0.198,-0.150,-0.328,0.329
7/1/2016,1823.990,0.647,0.676,0.785,-0.568,-0.546,-0.279,-0.409,-0.887,-0.956,-0.521,-0.151,-0.599,-0.552,-0.586,-0.548,-0.531,0.137,-0.297,-0.169,-0.417,0.363
8/1/2016,1009.757,0.322,1.006,0.206,-0.511,-0.562,-0.414,-0.518,-0.457,-0.578,-0.381,-0.305,-0.296,0.458,0.293,0.383,0.308,0.658,0.597,0.728,0.615,0.321
9/1/2016,1021.248,-0.526,-0.076,-0.511,0.011,-0.134,-0.090,-0.160,0.347,0.157,0.266,0.128,0.227,0.707,0.624,0.703,0.626,0.404,0.683,0.611,0.771,-0.025
10/1/2016,798.163,-0.735,-0.061,-0.353,0.322,0.057,0.083,-0.001,0.632,0.487,0.877,0.505,0.650,0.302,0.502,0.517,0.605,-0.312,0.064,-0.138,0.267,-0.414
11/1/2016,959.040,-0.540,-0.358,-0.112,0.134,0.000,0.033,0.042,0.074,0.092,0.322,0.152,-0.074,0.242,0.442,0.422,0.497,-0.420,-0.030,-0.219,0.197,-0.506
12/1/2016,830.304,-0.899,-0.144,-0.185,0.160,0.076,-0.148,-0.082,0.679,0.658,0.243,-0.188,0.646,0.334,0.415,0.347,0.379,-0.390,-0.055,0.032,0.234,-0.542
